"Município";"Internações";"AIH_aprovadas";"Valor_total";"Valor_serviços_hospitalares";"Val_serv_hosp_-_compl_federal";"Val_serv_hosp_-_compl_gestor";"Valor_serviços_profissionais";"Val_serv_prof_-_compl_federal";"Val_serv_prof_-_compl_gestor";"Valor_médio_AIH";"Valor_médio_intern";"Dias_permanência";"Média_permanência";"Óbitos";"Taxa_mortalidade"
"110001 Alta Floresta D'Oeste";2;2;958,38;906,96;-;-;51,42;-;-;479,19;479,19;5;2,5;-;-
"110034 Alvorada D'Oeste";1;1;479,19;453,48;-;-;25,71;-;-;479,19;479,19;3;3,0;-;-
"110002 Ariquemes";7;7;2646,51;2494,72;-;-;151,79;-;-;378,07;378,07;16;2,3;-;-
"110004 Cacoal";10;10;5016,31;4759,21;-;-;257,10;-;-;501,63;501,63;50;5,0;-;-
"110005 Cerejeiras";5;5;2579,18;2397,99;-;-;181,19;-;-;515,84;515,84;14;2,8;-;-
"110006 Colorado do Oeste";2;2;958,38;906,96;-;-;51,42;-;-;479,19;479,19;6;3,0;-;-
"110008 Costa Marques";1;1;479,19;453,48;-;-;25,71;-;-;479,19;479,19;1;1,0;-;-
"110011 Jaru";3;3;1093,65;1030,61;-;-;63,04;-;-;364,55;364,55;11;3,7;-;-
"110012 Ji-Paraná";2;2;977,43;926,01;-;-;51,42;-;-;488,72;488,72;8;4,0;-;-
"110013 Machadinho D'Oeste";2;2;982,38;930,96;-;-;51,42;-;-;491,19;491,19;5;2,5;-;-
"110130 Mirante da Serra";1;1;479,19;453,48;-;-;25,71;-;-;479,19;479,19;2;2,0;-;-
"110014 Nova Brasilândia D'Oeste";2;2;958,38;906,96;-;-;51,42;-;-;479,19;479,19;4;2,0;-;-
"110015 Ouro Preto do Oeste";1;1;487,19;461,48;-;-;25,71;-;-;487,19;487,19;1;1,0;-;-
"110020 Porto Velho";8;8;4218,08;3989,18;-;-;228,90;-;-;527,26;527,26;44;5,5;-;-
"110025 Presidente Médici";1;1;479,19;453,48;-;-;25,71;-;-;479,19;479,19;1;1,0;-;-
"110028 Rolim de Moura";5;5;2199,41;2020,43;-;-;178,98;-;-;439,88;439,88;11;2,2;-;-
"110032 São Miguel do Guaporé";2;2;982,38;930,96;-;-;51,42;-;-;491,19;491,19;3;1,5;-;-
"110030 Vilhena";1;1;487,19;461,48;-;-;25,71;-;-;487,19;487,19;1;1,0;-;-
"120020 Cruzeiro do Sul";1;1;511,19;485,48;-;-;25,71;-;-;511,19;511,19;5;5,0;-;-
"120030 Feijó";1;1;47,27;35,65;-;-;11,62;-;-;47,27;47,27;2;2,0;-;-
"120045 Senador Guiomard";2;2;999,72;948,30;-;-;51,42;-;-;499,86;499,86;4;2,0;-;-
"120060 Tarauacá";3;3;1493,57;1416,44;-;-;77,13;-;-;497,86;497,86;7;2,3;-;-
"120070 Xapuri";1;1;511,19;485,48;-;-;25,71;-;-;511,19;511,19;4;4,0;-;-
"130006 Amaturá";1;1;487,19;461,48;-;-;25,71;-;-;487,19;487,19;5;5,0;-;-
"130014 Apuí";1;1;479,19;453,48;-;-;25,71;-;-;479,19;479,19;1;1,0;-;-
"130090 Canutama";2;2;958,38;906,96;-;-;51,42;-;-;479,19;479,19;6;3,0;-;-
"130130 Codajás";2;2;958,38;906,96;-;-;51,42;-;-;479,19;479,19;12;6,0;-;-
"130140 Eirunepé";1;1;487,19;461,48;-;-;25,71;-;-;487,19;487,19;2;2,0;-;-
"130165 Guajará";1;1;495,19;469,48;-;-;25,71;-;-;495,19;495,19;2;2,0;-;-
"130170 Humaitá";1;1;487,19;461,48;-;-;25,71;-;-;487,19;487,19;3;3,0;-;-
"130250 Manacapuru";1;1;487,19;461,48;-;-;25,71;-;-;487,19;487,19;1;1,0;-;-
"130260 Manaus";42;42;32132,32;29506,68;-;-;2625,64;-;-;765,06;765,06;148;3,5;1;2,38
"130270 Manicoré";1;1;503,19;477,48;-;-;25,71;-;-;503,19;503,19;3;3,0;-;-
"130290 Maués";4;4;1956,76;1853,92;-;-;102,84;-;-;489,19;489,19;8;2,0;-;-
"130340 Parintins";1;1;177,07;152,97;-;-;24,10;-;-;177,07;177,07;10;10,0;-;-
"130390 São Paulo de Olivença";2;2;1164,84;1008,14;-;-;156,70;-;-;582,42;582,42;5;2,5;-;-
"140010 Boa Vista";2;2;1149,47;1089,04;-;-;60,43;-;-;574,74;574,74;9;4,5;-;-
"140015 Bonfim";1;1;55,27;43,65;-;-;11,62;-;-;55,27;55,27;1;1,0;-;-
"140023 Caroebe";1;1;55,27;43,65;-;-;11,62;-;-;55,27;55,27;1;1,0;-;-
"140030 Mucajaí";1;1;527,19;501,48;-;-;25,71;-;-;527,19;527,19;6;6,0;-;-
"140050 São João da Baliza";1;1;503,19;477,48;-;-;25,71;-;-;503,19;503,19;3;3,0;-;-
"150010 Abaetetuba";9;9;4560,71;4329,32;-;-;231,39;-;-;506,75;506,75;31;3,4;-;-
"150050 Almeirim";2;2;958,38;906,96;-;-;51,42;-;-;479,19;479,19;6;3,0;-;-
"150060 Altamira";1;1;511,19;485,48;-;-;25,71;-;-;511,19;511,19;4;4,0;-;-
"150070 Anajás";3;3;1477,57;1400,44;-;-;77,13;-;-;492,52;492,52;7;2,3;-;-
"150080 Ananindeua";38;38;18681,22;17704,24;-;-;976,98;-;-;491,61;491,61;133;3,5;-;-
"150085 Anapu";1;1;495,19;469,48;-;-;25,71;-;-;495,19;495,19;2;2,0;-;-
"150090 Augusto Corrêa";10;10;4935,90;4678,80;-;-;257,10;-;-;493,59;493,59;31;3,1;-;-
"150095 Aurora do Pará";1;1;479,19;453,48;-;-;25,71;-;-;479,19;479,19;3;3,0;-;-
"150120 Baião";6;6;2971,14;2816,88;-;-;154,26;-;-;495,19;495,19;12;2,0;-;-
"150130 Barcarena";1;1;511,19;485,48;-;-;25,71;-;-;511,19;511,19;6;6,0;-;-
"150140 Belém";50;50;26353,51;24729,23;-;-;1624,28;-;-;527,07;527,07;174;3,5;-;-
"150157 Bom Jesus do Tocantins";2;2;958,38;906,96;-;-;51,42;-;-;479,19;479,19;4;2,0;-;-
"150172 Brasil Novo";9;9;4392,71;4161,32;-;-;231,39;-;-;488,08;488,08;20;2,2;-;-
"150180 Breves";2;2;1030,38;978,96;-;-;51,42;-;-;515,19;515,19;9;4,5;-;-
"150190 Bujaru";26;26;12938,94;12270,48;-;-;668,46;-;-;497,65;497,65;78;3,0;-;-
"150220 Capanema";1;1;527,19;501,48;-;-;25,71;-;-;527,19;527,19;6;6,0;-;-
"150240 Castanhal";9;9;5199,91;4910,47;-;-;289,44;-;-;577,77;577,77;59;6,6;-;-
"150250 Chaves";1;1;479,19;453,48;-;-;25,71;-;-;479,19;479,19;3;3,0;-;-
"150270 Conceição do Araguaia";12;12;6014,28;5705,76;-;-;308,52;-;-;501,19;501,19;33;2,8;-;-
"150275 Concórdia do Pará";5;5;2475,95;2347,40;-;-;128,55;-;-;495,19;495,19;15;3,0;-;-
"150277 Curionópolis";3;3;1461,57;1384,44;-;-;77,13;-;-;487,19;487,19;3;1,0;-;-
"150280 Curralinho";3;3;1501,57;1424,44;-;-;77,13;-;-;500,52;500,52;11;3,7;-;-
"150293 Dom Eliseu";3;3;1517,57;1440,44;-;-;77,13;-;-;505,86;505,86;10;3,3;-;-
"150295 Eldorado do Carajás";3;3;1469,57;1392,44;-;-;77,13;-;-;489,86;489,86;6;2,0;-;-
"150307 Garrafão do Norte";4;4;1964,76;1861,92;-;-;102,84;-;-;491,19;491,19;12;3,0;-;-
"150309 Goianésia do Pará";4;4;2012,76;1909,92;-;-;102,84;-;-;503,19;503,19;18;4,5;-;-
"150330 Igarapé-Miri";9;9;4464,71;4233,32;-;-;231,39;-;-;496,08;496,08;19;2,1;-;-
"150345 Ipixuna do Pará";2;2;982,38;930,96;-;-;51,42;-;-;491,19;491,19;5;2,5;-;-
"150370 Itupiranga";1;1;479,19;453,48;-;-;25,71;-;-;479,19;479,19;2;2,0;-;-
"150375 Jacareacanga";1;1;487,19;461,48;-;-;25,71;-;-;487,19;487,19;2;2,0;-;-
"150380 Jacundá";2;2;958,38;906,96;-;-;51,42;-;-;479,19;479,19;4;2,0;-;-
"150390 Juruti";1;1;495,19;469,48;-;-;25,71;-;-;495,19;495,19;2;2,0;-;-
"150420 Marabá";4;4;1982,10;1879,26;-;-;102,84;-;-;495,52;495,52;8;2,0;-;-
"150442 Marituba";3;3;1579,64;1494,77;-;-;84,87;-;-;526,55;526,55;17;5,7;-;-
"150450 Melgaço";1;1;479,19;453,48;-;-;25,71;-;-;479,19;479,19;2;2,0;-;-
"150460 Mocajuba";8;8;4033,52;3827,84;-;-;205,68;-;-;504,19;504,19;25;3,1;-;-
"150480 Monte Alegre";1;1;503,19;477,48;-;-;25,71;-;-;503,19;503,19;3;3,0;-;-
"150490 Muaná";5;5;2435,95;2307,40;-;-;128,55;-;-;487,19;487,19;18;3,6;-;-
"150503 Novo Progresso";1;1;487,19;461,48;-;-;25,71;-;-;487,19;487,19;2;2,0;-;-
"150506 Novo Repartimento";1;1;495,19;469,48;-;-;25,71;-;-;495,19;495,19;2;2,0;-;-
"150510 Óbidos";5;5;2483,95;2355,40;-;-;128,55;-;-;496,79;496,79;13;2,6;-;-
"150520 Oeiras do Pará";7;7;3354,33;3174,36;-;-;179,97;-;-;479,19;479,19;18;2,6;-;-
"150530 Oriximiná";2;2;1005,73;954,31;-;-;51,42;-;-;502,87;502,87;3;1,5;1;50,00
"150543 Ourilândia do Norte";12;12;5822,28;5513,76;-;-;308,52;-;-;485,19;485,19;31;2,6;-;-
"150548 Pacajá";6;6;2979,14;2824,88;-;-;154,26;-;-;496,52;496,52;13;2,2;-;-
"150563 Piçarra";2;2;958,38;906,96;-;-;51,42;-;-;479,19;479,19;4;2,0;-;-
"150565 Placas";2;2;550,46;513,13;-;-;37,33;-;-;275,23;275,23;3;1,5;-;-
"150580 Portel";1;1;479,19;453,48;-;-;25,71;-;-;479,19;479,19;2;2,0;-;-
"150590 Porto de Moz";12;12;5830,28;5521,76;-;-;308,52;-;-;485,86;485,86;24;2,0;-;-
"150616 Rio Maria";3;3;1453,57;1376,44;-;-;77,13;-;-;484,52;484,52;23;7,7;-;-
"150618 Rondon do Pará";24;24;11828,56;11211,52;-;-;617,04;-;-;492,86;492,86;56;2,3;-;-
"150619 Rurópolis";2;2;958,38;906,96;-;-;51,42;-;-;479,19;479,19;4;2,0;-;-
"150620 Salinópolis";2;2;1014,38;962,96;-;-;51,42;-;-;507,19;507,19;7;3,5;-;-
"150640 Santa Cruz do Arari";1;1;479,19;453,48;-;-;25,71;-;-;479,19;479,19;2;2,0;-;-
"150660 Santa Maria do Pará";2;2;720,26;670,45;-;-;49,81;-;-;360,13;360,13;8;4,0;-;-
"150670 Santana do Araguaia";2;2;958,38;906,96;-;-;51,42;-;-;479,19;479,19;9;4,5;-;-
"150700 Santo Antônio do Tauá";90;90;43500,81;41173,12;-;-;2327,69;-;-;483,34;483,34;406;4,5;-;-
"150715 São Domingos do Araguaia";3;3;1437,57;1360,44;-;-;77,13;-;-;479,19;479,19;6;2,0;-;-
"150720 São Domingos do Capim";1;1;495,19;469,48;-;-;25,71;-;-;495,19;495,19;3;3,0;-;-
"150730 São Félix do Xingu";59;59;28440,21;26923,32;-;-;1516,89;-;-;482,04;482,04;116;2,0;-;-
"150770 São Sebastião da Boa Vista";1;1;479,19;453,48;-;-;25,71;-;-;479,19;479,19;2;2,0;-;-
"150790 Soure";1;1;479,19;453,48;-;-;25,71;-;-;479,19;479,19;2;2,0;-;-
"150795 Tailândia";1;1;543,19;517,48;-;-;25,71;-;-;543,19;543,19;10;10,0;-;-
"150803 Tracuateua";3;3;1501,57;1424,44;-;-;77,13;-;-;500,52;500,52;8;2,7;-;-
"150808 Tucumã";43;43;20941,17;19835,64;-;-;1105,53;-;-;487,00;487,00;88;2,0;-;-
"150810 Tucuruí";1;1;479,19;453,48;-;-;25,71;-;-;479,19;479,19;3;3,0;-;-
"150812 Ulianópolis";14;14;6964,66;6604,72;-;-;359,94;-;-;497,48;497,48;33;2,4;-;-
"150830 Viseu";10;10;4879,90;4622,80;-;-;257,10;-;-;487,99;487,99;20;2,0;-;-
"160020 Calçoene";4;4;1916,76;1813,92;-;-;102,84;-;-;479,19;479,19;4;1,0;-;-
"160027 Laranjal do Jari";3;3;1501,57;1424,44;-;-;77,13;-;-;500,52;500,52;8;2,7;-;-
"160030 Macapá";8;8;5742,03;5274,90;-;-;467,13;-;-;717,75;717,75;69;8,6;-;-
"160060 Santana";1;1;586,56;560,85;-;-;25,71;-;-;586,56;586,56;7;7,0;-;-
"170210 Araguaína";1;1;487,19;461,48;-;-;25,71;-;-;487,19;487,19;1;1,0;-;-
"170950 Gurupi";1;1;517,23;491,52;-;-;25,71;-;-;517,23;517,23;2;2,0;-;-
"171320 Miracema do Tocantins";8;8;3868,20;3662,52;-;-;205,68;-;-;483,52;483,52;43;5,4;-;-
"171420 Natividade";1;1;479,19;453,48;-;-;25,71;-;-;479,19;479,19;2;2,0;-;-
"172100 Palmas";7;7;3563,48;3383,51;-;-;179,97;-;-;509,07;509,07;24;3,4;-;-
"171610 Paraíso do Tocantins";1;1;511,19;485,48;-;-;25,71;-;-;511,19;511,19;4;4,0;-;-
"171620 Paranã";1;1;479,19;453,48;-;-;25,71;-;-;479,19;479,19;3;3,0;-;-
"171820 Porto Nacional";5;5;2467,30;2338,75;-;-;128,55;-;-;493,46;493,46;19;3,8;-;-
"210005 Açailândia";2;2;974,40;884,31;-;-;90,09;-;-;487,20;487,20;5;2,5;-;-
"210010 Afonso Cunha";10;10;5031,90;4774,80;-;-;257,10;-;-;503,19;503,19;30;3,0;-;-
"210030 Aldeias Altas";13;13;6541,47;6207,24;-;-;334,23;-;-;503,19;503,19;39;3,0;-;-
"210043 Alto Alegre do Maranhão";2;2;998,38;946,96;-;-;51,42;-;-;499,19;499,19;5;2,5;-;-
"210047 Alto Alegre do Pindaré";1;1;495,19;469,48;-;-;25,71;-;-;495,19;495,19;2;2,0;-;-
"210060 Amarante do Maranhão";8;8;4025,52;3819,84;-;-;205,68;-;-;503,19;503,19;31;3,9;-;-
"210080 Anapurus";2;2;974,38;922,96;-;-;51,42;-;-;487,19;487,19;2;1,0;-;-
"210083 Apicum-Açu";3;3;1461,57;1384,44;-;-;77,13;-;-;487,19;487,19;9;3,0;-;-
"210090 Araioses";1;1;52,22;41,34;-;-;10,88;-;-;52,22;52,22;1;1,0;-;-
"210095 Arame";4;4;2075,99;1920,51;-;-;155,48;-;-;519,00;519,00;7;1,8;-;-
"210110 Axixá";2;2;974,38;922,96;-;-;51,42;-;-;487,19;487,19;4;2,0;-;-
"210120 Bacabal";1;1;495,19;469,48;-;-;25,71;-;-;495,19;495,19;2;2,0;-;-
"210130 Bacuri";2;2;990,38;938,96;-;-;51,42;-;-;495,19;495,19;4;2,0;-;-
"210140 Balsas";3;3;1637,29;1476,16;-;-;161,13;-;-;545,76;545,76;12;4,0;-;-
"210177 Bela Vista do Maranhão";4;4;1916,76;1813,92;-;-;102,84;-;-;479,19;479,19;8;2,0;-;-
"210190 Bequimão";5;5;2475,95;2347,40;-;-;128,55;-;-;495,19;495,19;11;2,2;-;-
"210200 Bom Jardim";1;1;479,19;453,48;-;-;25,71;-;-;479,19;479,19;3;3,0;-;-
"210230 Buriti Bravo";2;2;990,38;938,96;-;-;51,42;-;-;495,19;495,19;4;2,0;-;-
"210232 Buriticupu";2;2;1061,61;957,55;-;-;104,06;-;-;530,80;530,80;4;2,0;-;-
"210240 Cajapió";1;1;495,19;469,48;-;-;25,71;-;-;495,19;495,19;2;2,0;-;-
"210270 Cantanhede";12;12;5966,28;5657,76;-;-;308,52;-;-;497,19;497,19;35;2,9;-;-
"210290 Carutapera";1;1;495,19;469,48;-;-;25,71;-;-;495,19;495,19;2;2,0;-;-
"210300 Caxias";1;1;620,79;595,08;-;-;25,71;-;-;620,79;620,79;5;5,0;-;-
"210325 Cidelândia";3;3;1461,57;1384,44;-;-;77,13;-;-;487,19;487,19;7;2,3;-;-
"210340 Coelho Neto";1;1;495,19;469,48;-;-;25,71;-;-;495,19;495,19;2;2,0;-;-
"210350 Colinas";4;4;1924,76;1821,92;-;-;102,84;-;-;481,19;481,19;7;1,8;-;-
"210380 Dom Pedro";16;16;7803,04;7391,68;-;-;411,36;-;-;487,69;487,69;17;1,1;-;-
"210390 Duque Bacelar";45;45;22051,55;20894,60;-;-;1156,95;-;-;490,03;490,03;63;1,4;-;-
"210409 Formosa da Serra Negra";4;4;1980,76;1877,92;-;-;102,84;-;-;495,19;495,19;8;2,0;-;-
"210410 Fortaleza dos Nogueiras";2;2;1006,38;954,96;-;-;51,42;-;-;503,19;503,19;6;3,0;-;-
"210440 Gonçalves Dias";11;11;5335,09;5052,28;-;-;282,81;-;-;485,01;485,01;22;2,0;-;-
"210460 Governador Eugênio Barros";1;1;495,19;469,48;-;-;25,71;-;-;495,19;495,19;2;2,0;-;-
"210467 Governador Nunes Freire";2;2;990,38;938,96;-;-;51,42;-;-;495,19;495,19;4;2,0;-;-
"210490 Guimarães";3;3;1437,57;1360,44;-;-;77,13;-;-;479,19;479,19;7;2,3;-;-
"210500 Humberto de Campos";3;3;1437,57;1360,44;-;-;77,13;-;-;479,19;479,19;6;2,0;-;-
"210510 Icatu";4;4;1948,76;1845,92;-;-;102,84;-;-;487,19;487,19;6;1,5;-;-
"210520 Igarapé Grande";1;1;479,19;453,48;-;-;25,71;-;-;479,19;479,19;3;3,0;-;-
"210530 Imperatriz";1;1;495,19;469,48;-;-;25,71;-;-;495,19;495,19;2;2,0;-;-
"210535 Itaipava do Grajaú";1;1;487,19;461,48;-;-;25,71;-;-;487,19;487,19;1;1,0;-;-
"210540 Itapecuru Mirim";2;2;1109,61;1005,55;-;-;104,06;-;-;554,80;554,80;6;3,0;-;-
"210542 Itinga do Maranhão";1;1;479,19;453,48;-;-;25,71;-;-;479,19;479,19;2;2,0;-;-
"210550 João Lisboa";3;3;1461,57;1384,44;-;-;77,13;-;-;487,19;487,19;8;2,7;-;-
"210560 Joselândia";2;2;958,38;906,96;-;-;51,42;-;-;479,19;479,19;5;2,5;-;-
"210570 Lago da Pedra";10;10;4871,90;4614,80;-;-;257,10;-;-;487,19;487,19;10;1,0;-;-
"210580 Lago do Junco";1;1;479,19;453,48;-;-;25,71;-;-;479,19;479,19;3;3,0;-;-
"210600 Lima Campos";1;1;495,19;469,48;-;-;25,71;-;-;495,19;495,19;2;2,0;-;-
"210640 Mata Roma";7;7;3522,33;3342,36;-;-;179,97;-;-;503,19;503,19;21;3,0;-;-
"210650 Matinha";2;2;958,38;906,96;-;-;51,42;-;-;479,19;479,19;4;2,0;-;-
"210670 Mirador";15;15;7267,85;6882,20;-;-;385,65;-;-;484,52;484,52;67;4,5;-;-
"210700 Montes Altos";3;3;1437,57;1360,44;-;-;77,13;-;-;479,19;479,19;6;2,0;-;-
"210710 Morros";8;8;3993,52;3787,84;-;-;205,68;-;-;499,19;499,19;23;2,9;-;-
"210720 Nina Rodrigues";1;1;495,19;469,48;-;-;25,71;-;-;495,19;495,19;2;2,0;-;-
"210745 Olinda Nova do Maranhão";4;4;1980,76;1877,92;-;-;102,84;-;-;495,19;495,19;8;2,0;-;-
"210760 Palmeirândia";1;1;479,19;453,48;-;-;25,71;-;-;479,19;479,19;3;3,0;-;-
"210770 Paraibano";1;1;487,19;461,48;-;-;25,71;-;-;487,19;487,19;2;2,0;-;-
"210790 Passagem Franca";15;15;7063,60;6627,47;-;-;436,13;-;-;470,91;470,91;43;2,9;-;-
"210800 Pastos Bons";2;2;982,38;930,96;-;-;51,42;-;-;491,19;491,19;5;2,5;-;-
"210820 Pedreiras";29;29;14232,51;13486,92;-;-;745,59;-;-;490,78;490,78;56;1,9;-;-
"210830 Penalva";5;5;2459,95;2331,40;-;-;128,55;-;-;491,99;491,99;8;1,6;-;-
"210850 Pindaré-Mirim";1;1;479,19;453,48;-;-;25,71;-;-;479,19;479,19;2;2,0;-;-
"210860 Pinheiro";4;4;2020,76;1917,92;-;-;102,84;-;-;505,19;505,19;13;3,3;-;-
"210870 Pio XII";5;5;2395,95;2267,40;-;-;128,55;-;-;479,19;479,19;15;3,0;-;-
"210880 Pirapemas";4;4;1948,76;1845,92;-;-;102,84;-;-;487,19;487,19;7;1,8;-;-
"210927 Presidente Sarney";9;9;4312,71;4081,32;-;-;231,39;-;-;479,19;479,19;19;2,1;-;-
"210940 Primeira Cruz";4;4;1988,76;1885,92;-;-;102,84;-;-;497,19;497,19;12;3,0;-;-
"210960 Rosário";16;16;7787,04;7375,68;-;-;411,36;-;-;486,69;486,69;46;2,9;-;-
"210980 Santa Helena";1;1;487,19;461,48;-;-;25,71;-;-;487,19;487,19;1;1,0;-;-
"210990 Santa Inês";1;1;479,19;453,48;-;-;25,71;-;-;479,19;479,19;1;1,0;-;-
"211000 Santa Luzia";2;2;1006,38;954,96;-;-;51,42;-;-;503,19;503,19;6;3,0;-;-
"211010 Santa Quitéria do Maranhão";5;5;2475,95;2347,40;-;-;128,55;-;-;495,19;495,19;16;3,2;-;-
"211020 Santa Rita";17;17;8154,23;7717,16;-;-;437,07;-;-;479,66;479,66;51;3,0;-;-
"211027 Santo Amaro do Maranhão";2;2;1001,74;942,94;-;-;58,80;-;-;500,87;500,87;5;2,5;-;-
"211040 São Benedito do Rio Preto";4;4;1988,76;1885,92;-;-;102,84;-;-;497,19;497,19;12;3,0;-;-
"211050 São Bento";2;2;958,38;906,96;-;-;51,42;-;-;479,19;479,19;6;3,0;-;-
"211065 São Domingos do Azeitão";2;2;998,38;946,96;-;-;51,42;-;-;499,19;499,19;5;2,5;-;-
"211070 São Domingos do Maranhão";1;1;503,19;477,48;-;-;25,71;-;-;503,19;503,19;3;3,0;-;-
"211100 São João Batista";1;1;479,19;453,48;-;-;25,71;-;-;479,19;479,19;2;2,0;-;-
"211102 São João do Carú";1;1;479,19;453,48;-;-;25,71;-;-;479,19;479,19;2;2,0;-;-
"211107 São João do Soter";5;5;2223,89;2094,54;-;-;129,35;-;-;444,78;444,78;15;3,0;-;-
"211110 São João dos Patos";1;1;487,19;461,48;-;-;25,71;-;-;487,19;487,19;1;1,0;-;-
"211120 São José de Ribamar";1;1;495,19;469,48;-;-;25,71;-;-;495,19;495,19;3;3,0;-;-
"211130 São Luís";1;1;659,25;633,54;-;-;25,71;-;-;659,25;659,25;25;25,0;-;-
"211140 São Luís Gonzaga do Maranhão";5;5;2395,95;2267,40;-;-;128,55;-;-;479,19;479,19;15;3,0;-;-
"211163 São Raimundo do Doca Bezerra";1;1;479,19;453,48;-;-;25,71;-;-;479,19;479,19;1;1,0;-;-
"211180 Sítio Novo";1;1;479,19;453,48;-;-;25,71;-;-;479,19;479,19;4;4,0;-;-
"211190 Sucupira do Norte";8;8;3913,52;3707,84;-;-;205,68;-;-;489,19;489,19;16;2,0;-;-
"211210 Timbiras";2;2;990,38;938,96;-;-;51,42;-;-;495,19;495,19;4;2,0;-;-
"211220 Timon";6;6;3083,14;2928,88;-;-;154,26;-;-;513,86;513,86;30;5,0;-;-
"211223 Trizidela do Vale";4;4;1948,76;1845,92;-;-;102,84;-;-;487,19;487,19;10;2,5;-;-
"211227 Tufilândia";2;2;958,38;906,96;-;-;51,42;-;-;479,19;479,19;5;2,5;-;-
"211230 Tuntum";15;15;7427,85;7042,20;-;-;385,65;-;-;495,19;495,19;30;2,0;-;-
"211250 Tutóia";1;1;488,87;459,47;-;-;29,40;-;-;488,87;488,87;3;3,0;-;-
"211285 Vila Nova dos Martírios";2;2;958,38;906,96;-;-;51,42;-;-;479,19;479,19;4;2,0;-;-
"211300 Vitorino Freire";1;1;495,19;469,48;-;-;25,71;-;-;495,19;495,19;2;2,0;-;-
"211400 Zé Doca";9;9;4344,71;4113,32;-;-;231,39;-;-;482,75;482,75;24;2,7;-;-
"220020 Água Branca";1;1;487,19;461,48;-;-;25,71;-;-;487,19;487,19;4;4,0;-;-
"220040 Altos";29;29;13920,51;13174,92;-;-;745,59;-;-;480,02;480,02;30;1,0;-;-
"220050 Amarante";1;1;479,19;453,48;-;-;25,71;-;-;479,19;479,19;1;1,0;-;-
"220150 Batalha";1;1;479,19;453,48;-;-;25,71;-;-;479,19;479,19;2;2,0;-;-
"220190 Bom Jesus";2;2;974,38;922,96;-;-;51,42;-;-;487,19;487,19;5;2,5;-;-
"220220 Campo Maior";11;11;5640,29;5357,48;-;-;282,81;-;-;512,75;512,75;28;2,5;-;-
"220260 Castelo do Piauí";1;1;479,19;453,48;-;-;25,71;-;-;479,19;479,19;6;6,0;-;-
"220320 Curimatá";1;1;479,19;453,48;-;-;25,71;-;-;479,19;479,19;2;2,0;-;-
"220350 Elesbão Veloso";2;2;958,38;906,96;-;-;51,42;-;-;479,19;479,19;6;3,0;-;-
"220390 Floriano";1;1;495,19;469,48;-;-;25,71;-;-;495,19;495,19;2;2,0;-;-
"220430 Fronteiras";15;15;7187,85;6802,20;-;-;385,65;-;-;479,19;479,19;28;1,9;-;-
"220510 Itaueira";1;1;479,19;453,48;-;-;25,71;-;-;479,19;479,19;3;3,0;-;-
"220520 Jaicós";7;7;3402,33;3222,36;-;-;179,97;-;-;486,05;486,05;12;1,7;-;-
"220550 José de Freitas";1;1;479,19;453,48;-;-;25,71;-;-;479,19;479,19;3;3,0;-;-
"220570 Luís Correia";1;1;495,19;469,48;-;-;25,71;-;-;495,19;495,19;2;2,0;-;-
"220580 Luzilândia";4;4;1940,76;1837,92;-;-;102,84;-;-;485,19;485,19;10;2,5;-;-
"220620 Miguel Alves";3;3;1437,57;1360,44;-;-;77,13;-;-;479,19;479,19;9;3,0;-;-
"220650 Monsenhor Hipólito";1;1;479,19;453,48;-;-;25,71;-;-;479,19;479,19;2;2,0;-;-
"220700 Oeiras";29;29;14160,93;13388,25;-;-;772,68;-;-;488,31;488,31;48;1,7;-;-
"220760 Parnaguá";2;2;958,38;906,96;-;-;51,42;-;-;479,19;479,19;6;3,0;-;-
"220770 Parnaíba";9;9;4228,77;3988,84;-;-;239,93;-;-;469,86;469,86;40;4,4;-;-
"220780 Paulistana";1;1;487,19;461,48;-;-;25,71;-;-;487,19;487,19;1;1,0;-;-
"220800 Picos";8;8;3833,52;3627,84;-;-;205,68;-;-;479,19;479,19;16;2,0;-;-
"220850 Porto";1;1;479,19;453,48;-;-;25,71;-;-;479,19;479,19;2;2,0;-;-
"220880 Regeneração";5;5;2407,95;2279,40;-;-;128,55;-;-;481,59;481,59;7;1,4;-;-
"221030 São Julião";1;1;479,19;453,48;-;-;25,71;-;-;479,19;479,19;1;1,0;-;-
"221060 São Raimundo Nonato";28;28;13520,55;12748,03;-;-;772,52;-;-;482,88;482,88;56;2,0;-;-
"221080 Simplício Mendes";2;2;1006,38;954,96;-;-;51,42;-;-;503,19;503,19;8;4,0;-;-
"221100 Teresina";7;7;3558,63;3378,66;-;-;179,97;-;-;508,38;508,38;38;5,4;-;-
"221110 União";2;2;974,38;922,96;-;-;51,42;-;-;487,19;487,19;2;1,0;-;-
"221170 Wall Ferraz";2;2;958,38;906,96;-;-;51,42;-;-;479,19;479,19;2;1,0;-;-
"230020 Acaraú";1;1;503,19;477,48;-;-;25,71;-;-;503,19;503,19;3;3,0;-;-
"230130 Araripe";1;1;487,19;461,48;-;-;25,71;-;-;487,19;487,19;1;1,0;-;-
"230170 Aurora";16;16;7823,10;7407,87;-;-;415,23;-;-;488,94;488,94;37;2,3;-;-
"230190 Barbalha";11;11;9368,21;8727,20;-;-;641,01;-;-;851,66;851,66;65;5,9;-;-
"230240 Boa Viagem";2;2;982,38;930,96;-;-;51,42;-;-;491,19;491,19;3;1,5;-;-
"230250 Brejo Santo";11;11;5383,09;5100,28;-;-;282,81;-;-;489,37;489,37;23;2,1;-;-
"230260 Camocim";1;1;563,64;537,93;-;-;25,71;-;-;563,64;563,64;5;5,0;-;-
"230280 Canindé";3;3;1569,63;1488,63;-;-;81,00;-;-;523,21;523,21;14;4,7;-;-
"230340 Carnaubal";2;2;974,38;922,96;-;-;51,42;-;-;487,19;487,19;4;2,0;-;-
"230360 Catarina";1;1;479,19;453,48;-;-;25,71;-;-;479,19;479,19;4;4,0;-;-
"230365 Catunda";2;2;958,38;906,96;-;-;51,42;-;-;479,19;479,19;7;3,5;-;-
"230410 Crateús";5;5;2467,95;2339,40;-;-;128,55;-;-;493,59;493,59;12;2,4;-;-
"230425 Cruz";1;1;503,19;477,48;-;-;25,71;-;-;503,19;503,19;3;3,0;-;-
"230440 Fortaleza";290;290;148885,89;141149,04;-;-;7736,85;-;-;513,40;513,40;984;3,4;-;-
"230500 Guaraciaba do Norte";1;1;479,19;453,48;-;-;25,71;-;-;479,19;479,19;7;7,0;-;-
"230510 Guaramiranga";1;1;479,19;453,48;-;-;25,71;-;-;479,19;479,19;8;8,0;-;-
"230550 Iguatu";1;1;511,19;485,48;-;-;25,71;-;-;511,19;511,19;4;4,0;-;-
"230560 Independência";2;2;958,38;906,96;-;-;51,42;-;-;479,19;479,19;4;2,0;-;-
"230580 Ipu";2;2;998,38;946,96;-;-;51,42;-;-;499,19;499,19;5;2,5;-;-
"230590 Ipueiras";4;4;1964,76;1861,92;-;-;102,84;-;-;491,19;491,19;10;2,5;-;-
"230625 Itaitinga";1;1;495,19;469,48;-;-;25,71;-;-;495,19;495,19;2;2,0;-;-
"230640 Itapipoca";2;2;1326,97;1236,86;-;-;90,11;-;-;663,49;663,49;21;10,5;-;-
"230700 Jaguaruana";1;1;519,19;493,48;-;-;25,71;-;-;519,19;519,19;5;5,0;-;-
"230730 Juazeiro do Norte";4;4;2151,52;2044,81;-;-;106,71;-;-;537,88;537,88;21;5,3;-;-
"230750 Lavras da Mangabeira";2;2;1014,38;962,96;-;-;51,42;-;-;507,19;507,19;11;5,5;-;-
"230760 Limoeiro do Norte";2;2;1006,38;954,96;-;-;51,42;-;-;503,19;503,19;6;3,0;-;-
"230840 Missão Velha";1;1;479,19;453,48;-;-;25,71;-;-;479,19;479,19;2;2,0;-;-
"230850 Mombaça";1;1;507,86;482,15;-;-;25,71;-;-;507,86;507,86;3;3,0;-;-
"230860 Monsenhor Tabosa";1;1;503,19;477,48;-;-;25,71;-;-;503,19;503,19;3;3,0;-;-
"230890 Morrinhos";1;1;535,19;509,48;-;-;25,71;-;-;535,19;535,19;7;7,0;-;-
"230930 Nova Russas";1;1;487,19;461,48;-;-;25,71;-;-;487,19;487,19;2;2,0;-;-
"230940 Novo Oriente";1;1;479,19;453,48;-;-;25,71;-;-;479,19;479,19;1;1,0;-;-
"230950 Orós";1;1;487,19;461,48;-;-;25,71;-;-;487,19;487,19;1;1,0;-;-
"231110 Porteiras";1;1;503,19;477,48;-;-;25,71;-;-;503,19;503,19;3;3,0;-;-
"231130 Quixadá";1;1;525,20;499,49;-;-;25,71;-;-;525,20;525,20;4;4,0;-;-
"231135 Quixelô";1;1;479,19;453,48;-;-;25,71;-;-;479,19;479,19;14;14,0;-;-
"231160 Redenção";2;2;982,38;930,96;-;-;51,42;-;-;491,19;491,19;6;3,0;-;-
"231180 Russas";11;11;5556,49;5273,68;-;-;282,81;-;-;505,14;505,14;24;2,2;-;-
"231230 São Benedito";2;2;982,38;930,96;-;-;51,42;-;-;491,19;491,19;3;1,5;-;-
"231290 Sobral";3;3;1910,80;1801,47;-;-;109,33;-;-;636,93;636,93;22;7,3;-;-
"231330 Tauá";1;1;487,19;461,48;-;-;25,71;-;-;487,19;487,19;1;1,0;-;-
"231400 Várzea Alegre";1;1;495,19;469,48;-;-;25,71;-;-;495,19;495,19;2;2,0;-;-
"231410 Viçosa do Ceará";3;3;1485,57;1408,44;-;-;77,13;-;-;495,19;495,19;6;2,0;-;-
"240050 Alexandria";2;2;958,38;906,96;-;-;51,42;-;-;479,19;479,19;4;2,0;-;-
"240670 Lajes";2;2;1006,38;954,96;-;-;51,42;-;-;503,19;503,19;7;3,5;-;-
"240810 Natal";12;12;6863,32;6503,25;-;-;360,07;-;-;571,94;571,94;57;4,8;-;-
"240830 Nova Cruz";1;1;503,19;477,48;-;-;25,71;-;-;503,19;503,19;2;2,0;1;100,00
"240940 Pau dos Ferros";17;17;8650,23;8213,16;-;-;437,07;-;-;508,84;508,84;63;3,7;-;-
"241230 São José do Campestre";1;1;503,19;477,48;-;-;25,71;-;-;503,19;503,19;3;3,0;-;-
"241330 Serra de São Bento";1;1;479,19;453,48;-;-;25,71;-;-;479,19;479,19;2;2,0;-;-
"250010 Água Branca";3;3;1461,57;1384,44;-;-;77,13;-;-;487,19;487,19;9;3,0;-;-
"250040 Alagoa Nova";1;1;519,19;493,48;-;-;25,71;-;-;519,19;519,19;5;5,0;-;-
"250280 Brejo do Cruz";1;1;479,19;453,48;-;-;25,71;-;-;479,19;479,19;3;3,0;-;-
"250320 Cabedelo";3;3;1627,76;1550,63;-;-;77,13;-;-;542,59;542,59;10;3,3;1;33,33
"250400 Campina Grande";19;19;10782,19;10208,85;-;-;573,34;-;-;567,48;567,48;95;5,0;-;-
"250440 Conceição";1;1;487,19;461,48;-;-;25,71;-;-;487,19;487,19;3;3,0;-;-
"250480 Coremas";1;1;503,19;477,48;-;-;25,71;-;-;503,19;503,19;5;5,0;-;-
"250510 Cuité";2;2;1014,38;962,96;-;-;51,42;-;-;507,19;507,19;7;3,5;-;-
"250630 Guarabira";1;1;503,19;477,48;-;-;25,71;-;-;503,19;503,19;3;3,0;-;-
"250680 Ingá";43;43;20605,17;19499,64;-;-;1105,53;-;-;479,19;479,19;86;2,0;-;-
"250750 João Pessoa";17;17;9040,65;8603,58;-;-;437,07;-;-;531,80;531,80;65;3,8;-;-
"250970 Monteiro";3;3;1437,57;1360,44;-;-;77,13;-;-;479,19;479,19;7;2,3;-;-
"251130 Piancó";2;2;1042,56;979,53;-;-;63,03;-;-;521,28;521,28;14;7,0;-;-
"251140 Picuí";4;4;2019,99;1864,51;-;-;155,48;-;-;505,00;505,00;5;1,3;-;-
"251250 Queimadas";2;2;1009,43;958,01;-;-;51,42;-;-;504,72;504,72;4;2,0;-;-
"251450 São José de Piranhas";2;2;982,38;930,96;-;-;51,42;-;-;491,19;491,19;3;1,5;-;-
"251600 Solânea";23;23;11373,37;10782,04;-;-;591,33;-;-;494,49;494,49;59;2,6;-;-
"251690 Uiraúna";14;14;6804,66;6444,72;-;-;359,94;-;-;486,05;486,05;28;2,0;-;-
"260010 Afogados da Ingazeira";3;3;1501,57;1424,44;-;-;77,13;-;-;500,52;500,52;8;2,7;-;-
"260110 Araripina";2;2;1006,38;954,96;-;-;51,42;-;-;503,19;503,19;6;3,0;-;-
"260120 Arcoverde";2;2;1014,38;962,96;-;-;51,42;-;-;507,19;507,19;7;3,5;-;-
"260180 Betânia";1;1;479,19;453,48;-;-;25,71;-;-;479,19;479,19;6;6,0;-;-
"260210 Bom Conselho";1;1;479,19;453,48;-;-;25,71;-;-;479,19;479,19;5;5,0;-;-
"260280 Buíque";19;19;9060,55;8571,26;-;-;489,29;-;-;476,87;476,87;55;2,9;-;-
"260290 Cabo de Santo Agostinho";13;13;6771,93;6332,42;-;-;439,51;-;-;520,92;520,92;45;3,5;-;-
"260320 Caetés";1;1;495,19;469,48;-;-;25,71;-;-;495,19;495,19;2;2,0;-;-
"260410 Caruaru";6;6;5114,09;4680,89;-;-;433,20;-;-;852,35;852,35;28;4,7;-;-
"260510 Custódia";1;1;503,19;477,48;-;-;25,71;-;-;503,19;503,19;3;3,0;-;-
"260545 Fernando de Noronha";1;1;480,87;451,47;-;-;29,40;-;-;480,87;480,87;-;-;-;-
"260600 Garanhuns";4;4;2036,51;1933,67;-;-;102,84;-;-;509,13;509,13;11;2,8;-;-
"260620 Goiana";4;4;2025,43;1922,59;-;-;102,84;-;-;506,36;506,36;16;4,0;-;-
"260790 Jaboatão dos Guararapes";19;19;9496,61;9008,12;-;-;488,49;-;-;499,82;499,82;49;2,6;-;-
"260890 Limoeiro";6;6;2875,14;2720,88;-;-;154,26;-;-;479,19;479,19;24;4,0;-;-
"260915 Manari";1;1;496,87;467,47;-;-;29,40;-;-;496,87;496,87;2;2,0;-;-
"260950 Nazaré da Mata";4;4;2152,94;2038,49;-;-;114,45;-;-;538,24;538,24;22;5,5;-;-
"260990 Ouricuri";2;2;998,38;946,96;-;-;51,42;-;-;499,19;499,19;5;2,5;-;-
"261070 Paulista";3;3;1573,98;1496,85;-;-;77,13;-;-;524,66;524,66;3;1,0;-;-
"261090 Pesqueira";6;6;2931,14;2776,88;-;-;154,26;-;-;488,52;488,52;7;1,2;-;-
"261100 Petrolândia";5;5;2169,98;2055,52;-;-;114,46;-;-;434,00;434,00;35;7,0;-;-
"261110 Petrolina";12;12;2969,94;2760,79;-;-;209,15;-;-;247,50;247,50;23;1,9;-;-
"261150 Quipapá";1;1;504,87;475,47;-;-;29,40;-;-;504,87;504,87;3;3,0;-;-
"261160 Recife";114;114;63868,55;60098,19;-;-;3770,36;-;-;560,25;560,25;442;3,9;1;0,88
"261220 Salgueiro";1;1;503,19;477,48;-;-;25,71;-;-;503,19;503,19;3;3,0;-;-
"261310 São Caitano";1;1;503,19;477,48;-;-;25,71;-;-;503,19;503,19;3;3,0;-;-
"261390 Serra Talhada";6;6;2963,14;2808,88;-;-;154,26;-;-;493,86;493,86;11;1,8;-;-
"261410 Sertânia";1;1;189,67;147,80;-;-;41,87;-;-;189,67;189,67;4;4,0;-;-
"261420 Sirinhaém";1;1;543,19;517,48;-;-;25,71;-;-;543,19;543,19;8;8,0;-;-
"261480 Tacaratu";1;1;496,87;467,47;-;-;29,40;-;-;496,87;496,87;2;2,0;-;-
"261500 Taquaritinga do Norte";1;1;487,19;461,48;-;-;25,71;-;-;487,19;487,19;8;8,0;-;-
"261620 Vertentes";3;3;1437,57;1360,44;-;-;77,13;-;-;479,19;479,19;131;43,7;-;-
"261640 Vitória de Santo Antão";6;6;1338,78;1179,72;-;-;159,06;-;-;223,13;223,13;27;4,5;-;-
"270030 Arapiraca";8;8;19235,88;17335,20;-;-;1900,68;-;-;2404,49;2404,49;29;3,6;-;-
"270170 Capela";3;3;1501,57;1424,44;-;-;77,13;-;-;500,52;500,52;8;2,7;-;-
"270430 Maceió";16;16;10250,10;9747,43;-;-;502,67;-;-;640,63;640,63;78;4,9;1;6,25
"270630 Palmeira dos Índios";2;2;1006,38;954,96;-;-;51,42;-;-;503,19;503,19;6;3,0;-;-
"270670 Penedo";4;4;2012,76;1909,92;-;-;102,84;-;-;503,19;503,19;12;3,0;-;-
"270690 Pilar";7;7;3426,33;3246,36;-;-;179,97;-;-;489,48;489,48;24;3,4;-;-
"270710 Piranhas";4;4;1980,76;1877,92;-;-;102,84;-;-;495,19;495,19;8;2,0;-;-
"270800 Santana do Ipanema";2;2;1061,48;1010,06;-;-;51,42;-;-;530,74;530,74;6;3,0;-;-
"270860 São Miguel dos Campos";3;3;1740,67;1644,19;-;-;96,48;-;-;580,22;580,22;19;6,3;-;-
"270915 Teotônio Vilela";7;7;3458,33;3278,36;-;-;179,97;-;-;494,05;494,05;32;4,6;-;-
"270930 União dos Palmares";2;2;998,38;946,96;-;-;51,42;-;-;499,19;499,19;11;5,5;-;-
"280020 Aquidabã";14;14;6772,66;6412,72;-;-;359,94;-;-;483,76;483,76;28;2,0;-;-
"280030 Aracaju";72;72;44483,81;41731,82;-;-;2751,99;-;-;617,83;617,83;290;4,0;1;1,39
"280130 Capela";7;7;3474,33;3294,36;-;-;179,97;-;-;496,33;496,33;15;2,1;-;-
"280210 Estância";3;3;1437,57;1360,44;-;-;77,13;-;-;479,19;479,19;13;4,3;-;-
"280350 Lagarto";8;8;4145,52;3939,84;-;-;205,68;-;-;518,19;518,19;50;6,3;1;12,50
"280570 Propriá";1;1;487,19;461,48;-;-;25,71;-;-;487,19;487,19;7;7,0;-;-
"280590 Riachuelo";9;9;4408,71;4177,32;-;-;231,39;-;-;489,86;489,86;23;2,6;-;-
"290080 Alcobaça";1;1;487,19;461,48;-;-;25,71;-;-;487,19;487,19;1;1,0;-;-
"290100 Amargosa";1;1;495,19;469,48;-;-;25,71;-;-;495,19;495,19;2;2,0;-;-
"290115 América Dourada";1;1;487,19;461,48;-;-;25,71;-;-;487,19;487,19;1;1,0;-;-
"290130 Andaraí";2;2;998,38;946,96;-;-;51,42;-;-;499,19;499,19;5;2,5;-;-
"290160 Antas";10;10;4951,90;4694,80;-;-;257,10;-;-;495,19;495,19;27;2,7;-;-
"290240 Aurelino Leal";5;5;2395,95;2267,40;-;-;128,55;-;-;479,19;479,19;14;2,8;-;-
"290250 Baianópolis";2;2;974,38;922,96;-;-;51,42;-;-;487,19;487,19;4;2,0;-;-
"290260 Baixa Grande";5;5;2435,95;2307,40;-;-;128,55;-;-;487,19;487,19;14;2,8;-;-
"290270 Barra";5;5;2548,07;2411,78;-;-;136,29;-;-;509,61;509,61;18;3,6;-;-
"290280 Barra da Estiva";5;5;2698,45;2569,90;-;-;128,55;-;-;539,69;539,69;14;2,8;-;-
"290320 Barreiras";2;2;1063,07;1011,65;-;-;51,42;-;-;531,53;531,53;9;4,5;-;-
"290323 Barro Alto";3;3;1437,57;1360,44;-;-;77,13;-;-;479,19;479,19;5;1,7;-;-
"290340 Belmonte";1;1;511,19;485,48;-;-;25,71;-;-;511,19;511,19;4;4,0;-;-
"290380 Boa Vista do Tupim";1;1;479,19;453,48;-;-;25,71;-;-;479,19;479,19;3;3,0;-;-
"290390 Bom Jesus da Lapa";1;1;479,19;453,48;-;-;25,71;-;-;479,19;479,19;4;4,0;-;-
"290395 Bom Jesus da Serra";2;2;974,38;922,96;-;-;51,42;-;-;487,19;487,19;7;3,5;-;-
"290400 Boninal";2;2;958,38;906,96;-;-;51,42;-;-;479,19;479,19;5;2,5;-;-
"290405 Bonito";5;5;2395,95;2267,40;-;-;128,55;-;-;479,19;479,19;15;3,0;-;-
"290430 Brejões";12;12;5826,28;5517,76;-;-;308,52;-;-;485,52;485,52;36;3,0;1;8,33
"290475 Buritirama";1;1;479,19;453,48;-;-;25,71;-;-;479,19;479,19;3;3,0;-;-
"290480 Caatiba";1;1;495,19;469,48;-;-;25,71;-;-;495,19;495,19;2;2,0;-;-
"290490 Cachoeira";1;1;479,19;453,48;-;-;25,71;-;-;479,19;479,19;4;4,0;-;-
"290500 Caculé";1;1;495,19;469,48;-;-;25,71;-;-;495,19;495,19;2;2,0;-;-
"290560 Camacan";6;6;2875,14;2720,88;-;-;154,26;-;-;479,19;479,19;14;2,3;-;-
"290570 Camaçari";5;5;1578,12;1477,75;-;-;100,37;-;-;315,62;315,62;10;2,0;-;-
"290590 Campo Alegre de Lourdes";1;1;479,19;453,48;-;-;25,71;-;-;479,19;479,19;2;2,0;-;-
"290600 Campo Formoso";4;4;2025,43;1922,59;-;-;102,84;-;-;506,36;506,36;14;3,5;-;-
"290620 Canarana";3;3;1453,57;1376,44;-;-;77,13;-;-;484,52;484,52;4;1,3;-;-
"290630 Canavieiras";1;1;519,19;493,48;-;-;25,71;-;-;519,19;519,19;5;5,0;-;-
"290650 Candeias";1;1;479,19;453,48;-;-;25,71;-;-;479,19;479,19;1;1,0;-;-
"290670 Cândido Sales";27;27;13114,13;12419,96;-;-;694,17;-;-;485,71;485,71;85;3,1;-;-
"290682 Canudos";1;1;503,19;477,48;-;-;25,71;-;-;503,19;503,19;3;3,0;-;-
"290710 Carinhanha";1;1;487,19;461,48;-;-;25,71;-;-;487,19;487,19;1;1,0;-;-
"290720 Casa Nova";1;1;654,42;576,07;-;-;78,35;-;-;654,42;654,42;10;10,0;-;-
"290780 Cícero Dantas";1;1;487,19;461,48;-;-;25,71;-;-;487,19;487,19;4;4,0;-;-
"290810 Cocos";18;18;8625,42;8162,64;-;-;462,78;-;-;479,19;479,19;85;4,7;-;-
"290840 Conceição do Coité";5;5;2515,95;2387,40;-;-;128,55;-;-;503,19;503,19;15;3,0;-;-
"290930 Correntina";6;6;2875,14;2720,88;-;-;154,26;-;-;479,19;479,19;18;3,0;-;-
"290950 Cravolândia";8;8;3857,52;3651,84;-;-;205,68;-;-;482,19;482,19;11;1,4;-;-
"290970 Cristópolis";13;13;6229,47;5895,24;-;-;334,23;-;-;479,19;479,19;39;3,0;-;-
"291040 Encruzilhada";33;33;16165,27;15316,84;-;-;848,43;-;-;489,86;489,86;69;2,1;-;-
"291060 Esplanada";3;3;1477,57;1400,44;-;-;77,13;-;-;492,52;492,52;5;1,7;-;-
"291070 Euclides da Cunha";3;3;1517,57;1440,44;-;-;77,13;-;-;505,86;505,86;10;3,3;-;-
"291072 Eunápolis";1;1;509,54;483,83;-;-;25,71;-;-;509,54;509,54;3;3,0;-;-
"291080 Feira de Santana";4;4;2324,94;2206,62;-;-;118,32;-;-;581,23;581,23;20;5,0;-;-
"291085 Filadélfia";3;3;1437,57;1360,44;-;-;77,13;-;-;479,19;479,19;11;3,7;-;-
"291110 Formosa do Rio Preto";8;8;3833,52;3627,84;-;-;205,68;-;-;479,19;479,19;24;3,0;-;-
"291120 Gandu";4;4;2004,76;1901,92;-;-;102,84;-;-;501,19;501,19;11;2,8;-;-
"291130 Gentio do Ouro";1;1;479,19;453,48;-;-;25,71;-;-;479,19;479,19;2;2,0;-;-
"291170 Guanambi";1;1;503,39;477,68;-;-;25,71;-;-;503,39;503,39;1;1,0;-;-
"291230 Ibicuí";1;1;479,19;453,48;-;-;25,71;-;-;479,19;479,19;3;3,0;-;-
"291270 Ibirapitanga";18;18;8953,42;8490,64;-;-;462,78;-;-;497,41;497,41;47;2,6;-;-
"291280 Ibirapuã";5;5;2491,95;2363,40;-;-;128,55;-;-;498,39;498,39;13;2,6;-;-
"291290 Ibirataia";17;17;8386,31;7945,37;-;-;440,94;-;-;493,31;493,31;44;2,6;-;-
"291310 Ibititá";7;7;3354,33;3174,36;-;-;179,97;-;-;479,19;479,19;14;2,0;-;-
"291320 Ibotirama";1;1;495,19;469,48;-;-;25,71;-;-;495,19;495,19;4;4,0;-;-
"291340 Igaporã";3;3;1509,57;1432,44;-;-;77,13;-;-;503,19;503,19;11;3,7;-;-
"291345 Igrapiúna";1;1;479,19;453,48;-;-;25,71;-;-;479,19;479,19;3;3,0;-;-
"291350 Iguaí";4;4;1948,76;1845,92;-;-;102,84;-;-;487,19;487,19;12;3,0;-;-
"291360 Ilhéus";7;7;3370,33;3190,36;-;-;179,97;-;-;481,48;481,48;18;2,6;-;-
"291390 Ipiaú";9;9;4320,71;4089,32;-;-;231,39;-;-;480,08;480,08;12;1,3;-;-
"291420 Irajuba";9;9;4376,71;4145,32;-;-;231,39;-;-;486,30;486,30;18;2,0;-;-
"291430 Iramaia";9;9;4528,71;4297,32;-;-;231,39;-;-;503,19;503,19;27;3,0;-;-
"291440 Iraquara";37;37;17730,03;16778,76;-;-;951,27;-;-;479,19;479,19;55;1,5;-;-
"291460 Irecê";2;2;1222,38;1170,96;-;-;51,42;-;-;611,19;611,19;34;17,0;-;-
"291465 Itabela";6;6;2593,21;2405,95;-;-;187,26;-;-;432,20;432,20;33;5,5;-;-
"291470 Itaberaba";1;1;487,19;461,48;-;-;25,71;-;-;487,19;487,19;5;5,0;-;-
"291480 Itabuna";1;1;627,33;601,62;-;-;25,71;-;-;627,33;627,33;4;4,0;-;-
"291490 Itacaré";1;1;479,19;453,48;-;-;25,71;-;-;479,19;479,19;1;1,0;-;-
"291510 Itagi";1;1;479,19;453,48;-;-;25,71;-;-;479,19;479,19;4;4,0;-;-
"291550 Itajuípe";27;27;12938,13;12243,96;-;-;694,17;-;-;479,19;479,19;81;3,0;-;-
"291560 Itamaraju";4;4;1972,76;1869,92;-;-;102,84;-;-;493,19;493,19;8;2,0;-;-
"291580 Itambé";6;6;2971,14;2816,88;-;-;154,26;-;-;495,19;495,19;12;2,0;-;-
"291610 Itaparica";2;2;982,38;930,96;-;-;51,42;-;-;491,19;491,19;6;3,0;-;-
"291630 Itapebi";3;3;1437,57;1360,44;-;-;77,13;-;-;479,19;479,19;19;6,3;-;-
"291650 Itapicuru";4;4;1948,76;1845,92;-;-;102,84;-;-;487,19;487,19;10;2,5;-;-
"291670 Itaquara";7;7;3434,33;3254,36;-;-;179,97;-;-;490,62;490,62;13;1,9;-;-
"291680 Itarantim";15;15;7307,85;6922,20;-;-;385,65;-;-;487,19;487,19;41;2,7;-;-
"291685 Itatim";1;1;479,19;453,48;-;-;25,71;-;-;479,19;479,19;2;2,0;-;-
"291690 Itiruçu";12;12;5846,28;5537,76;-;-;308,52;-;-;487,19;487,19;28;2,3;1;8,33
"291700 Itiúba";4;4;1988,76;1885,92;-;-;102,84;-;-;497,19;497,19;13;3,3;-;-
"291710 Itororó";5;5;2451,95;2323,40;-;-;128,55;-;-;490,39;490,39;15;3,0;-;-
"291730 Ituberá";8;8;3913,52;3707,84;-;-;205,68;-;-;489,19;489,19;13;1,6;-;-
"291733 Iuiú";8;8;3969,52;3763,84;-;-;205,68;-;-;496,19;496,19;17;2,1;-;-
"291750 Jacobina";1;1;503,19;477,48;-;-;25,71;-;-;503,19;503,19;3;3,0;-;-
"291760 Jaguaquara";12;12;6258,94;5907,85;-;-;351,09;-;-;521,58;521,58;48;4,0;-;-
"291770 Jaguarari";1;1;479,19;453,48;-;-;25,71;-;-;479,19;479,19;2;2,0;-;-
"291800 Jequié";4;4;1979,94;1877,10;-;-;102,84;-;-;494,99;494,99;10;2,5;-;-
"291820 Jiquiriçá";8;8;3833,52;3627,84;-;-;205,68;-;-;479,19;479,19;15;1,9;-;-
"291830 Jitaúna";1;1;479,19;453,48;-;-;25,71;-;-;479,19;479,19;2;2,0;-;-
"291840 Juazeiro";21;21;10358,99;9819,08;-;-;539,91;-;-;493,29;493,29;39;1,9;-;-
"291850 Jussara";3;3;1517,57;1440,44;-;-;77,13;-;-;505,86;505,86;16;5,3;-;-
"291860 Jussiape";1;1;495,19;469,48;-;-;25,71;-;-;495,19;495,19;2;2,0;-;-
"291905 Lajedo do Tabocal";8;8;3937,52;3731,84;-;-;205,68;-;-;492,19;492,19;58;7,3;-;-
"291915 Lapão";4;4;1964,76;1861,92;-;-;102,84;-;-;491,19;491,19;9;2,3;-;-
"291960 Macajuba";5;5;2443,95;2315,40;-;-;128,55;-;-;488,79;488,79;5;1,0;-;-
"291970 Macarani";12;12;5926,28;5617,76;-;-;308,52;-;-;493,86;493,86;28;2,3;-;-
"291980 Macaúbas";1;1;495,19;469,48;-;-;25,71;-;-;495,19;495,19;2;2,0;-;-
"292000 Maiquinique";7;7;3442,33;3262,36;-;-;179,97;-;-;491,76;491,76;19;2,7;-;-
"292010 Mairi";2;2;990,38;938,96;-;-;51,42;-;-;495,19;495,19;5;2,5;-;-
"292050 Maracás";10;10;4807,90;4550,80;-;-;257,10;-;-;480,79;480,79;45;4,5;-;-
"292130 Milagres";1;1;479,19;453,48;-;-;25,71;-;-;479,19;479,19;4;4,0;-;-
"292170 Morro do Chapéu";1;1;479,19;453,48;-;-;25,71;-;-;479,19;479,19;3;3,0;-;-
"292190 Mucugê";4;4;2004,76;1901,92;-;-;102,84;-;-;501,19;501,19;11;2,8;-;-
"292205 Mulungu do Morro";1;1;535,19;509,48;-;-;25,71;-;-;535,19;535,19;7;7,0;-;-
"292210 Mundo Novo";1;1;487,19;461,48;-;-;25,71;-;-;487,19;487,19;1;1,0;-;-
"292240 Mutuípe";3;3;1437,57;1360,44;-;-;77,13;-;-;479,19;479,19;5;1,7;-;-
"292250 Nazaré";2;2;1006,38;954,96;-;-;51,42;-;-;503,19;503,19;6;3,0;-;-
"292270 Nova Canaã";7;7;3442,33;3262,36;-;-;179,97;-;-;491,76;491,76;19;2,7;-;-
"292310 Olindina";18;18;8769,42;8306,64;-;-;462,78;-;-;487,19;487,19;52;2,9;-;-
"292320 Oliveira dos Brejinhos";2;2;998,38;946,96;-;-;51,42;-;-;499,19;499,19;5;2,5;-;-
"292340 Palmas de Monte Alto";2;2;1014,38;962,96;-;-;51,42;-;-;507,19;507,19;160;80,0;-;-
"292360 Paramirim";1;1;511,19;485,48;-;-;25,71;-;-;511,19;511,19;4;4,0;-;-
"292370 Paratinga";29;29;13896,51;13150,92;-;-;745,59;-;-;479,19;479,19;44;1,5;-;-
"292400 Paulo Afonso";3;3;1453,57;1376,44;-;-;77,13;-;-;484,52;484,52;10;3,3;-;-
"292430 Piatã";10;10;4951,90;4694,80;-;-;257,10;-;-;495,19;495,19;25;2,5;-;-
"292460 Pindobaçu";1;1;519,19;493,48;-;-;25,71;-;-;519,19;519,19;6;6,0;-;-
"292480 Piritiba";10;10;4831,90;4574,80;-;-;257,10;-;-;483,19;483,19;31;3,1;-;-
"292490 Planaltino";9;9;4392,71;4161,32;-;-;231,39;-;-;488,08;488,08;18;2,0;-;-
"292510 Poções";5;5;2764,55;2597,30;-;-;167,25;-;-;552,91;552,91;21;4,2;-;-
"292525 Ponto Novo";3;3;1461,57;1384,44;-;-;77,13;-;-;487,19;487,19;9;3,0;-;-
"292560 Presidente Dutra";4;4;1972,76;1869,92;-;-;102,84;-;-;493,19;493,19;10;2,5;-;-
"292575 Presidente Tancredo Neves";2;2;958,38;906,96;-;-;51,42;-;-;479,19;479,19;4;2,0;-;-
"292580 Queimadas";18;18;7531,34;7003,92;-;-;527,42;-;-;418,41;418,41;83;4,6;-;-
"292640 Riacho de Santana";1;1;479,19;453,48;-;-;25,71;-;-;479,19;479,19;3;3,0;-;-
"292690 Rio do Pires";4;4;1980,76;1877,92;-;-;102,84;-;-;495,19;495,19;8;2,0;-;-
"292720 Ruy Barbosa";6;6;2355,02;2199,16;-;-;155,86;-;-;392,50;392,50;12;2,0;-;-
"292740 Salvador";53;53;39276,97;36455,39;-;-;2821,58;-;-;741,07;741,07;221;4,2;-;-
"292790 Santa Inês";11;11;5343,09;5060,28;-;-;282,81;-;-;485,74;485,74;11;1,0;-;-
"292850 Santa Teresinha";2;2;958,38;906,96;-;-;51,42;-;-;479,19;479,19;5;2,5;-;-
"292800 Santaluz";38;38;18441,22;17464,24;-;-;976,98;-;-;485,30;485,30;57;1,5;-;-
"292820 Santana";4;4;1988,76;1885,92;-;-;102,84;-;-;497,19;497,19;9;2,3;-;-
"292870 Santo Antônio de Jesus";1;1;589,24;563,53;-;-;25,71;-;-;589,24;589,24;5;5,0;-;-
"292895 São Domingos";1;1;503,19;477,48;-;-;25,71;-;-;503,19;503,19;3;3,0;-;-
"292905 São Félix do Coribe";1;1;479,19;453,48;-;-;25,71;-;-;479,19;479,19;2;2,0;-;-
"292990 Seabra";2;2;526,46;489,13;-;-;37,33;-;-;263,23;263,23;5;2,5;-;-
"293015 Serra do Ramalho";24;24;11500,56;10883,52;-;-;617,04;-;-;479,19;479,19;26;1,1;-;-
"293030 Serra Dourada";2;2;958,38;906,96;-;-;51,42;-;-;479,19;479,19;4;2,0;-;-
"293050 Serrinha";6;6;2995,14;2840,88;-;-;154,26;-;-;499,19;499,19;16;2,7;-;-
"293070 Simões Filho";2;2;958,38;906,96;-;-;51,42;-;-;479,19;479,19;3;1,5;-;-
"293090 Tabocas do Brejo Velho";1;1;487,19;461,48;-;-;25,71;-;-;487,19;487,19;1;1,0;-;-
"293105 Tanque Novo";1;1;495,19;469,48;-;-;25,71;-;-;495,19;495,19;2;2,0;-;-
"293120 Taperoá";5;5;2491,95;2363,40;-;-;128,55;-;-;498,39;498,39;20;4,0;-;-
"293130 Tapiramutá";2;2;1022,38;970,96;-;-;51,42;-;-;511,19;511,19;10;5,0;-;-
"293135 Teixeira de Freitas";1;1;4328,71;3813,40;-;-;515,31;-;-;4328,71;4328,71;7;7,0;-;-
"293150 Teofilândia";1;1;503,19;477,48;-;-;25,71;-;-;503,19;503,19;3;3,0;1;100,00
"293160 Teolândia";29;29;14496,51;13750,92;-;-;745,59;-;-;499,88;499,88;87;3,0;-;-
"293200 Uauá";1;1;479,19;453,48;-;-;25,71;-;-;479,19;479,19;2;2,0;-;-
"293210 Ubaíra";1;1;495,19;469,48;-;-;25,71;-;-;495,19;495,19;2;2,0;-;-
"293220 Ubaitaba";28;28;13865,32;13145,44;-;-;719,88;-;-;495,19;495,19;56;2,0;-;-
"293230 Ubatã";6;6;2923,14;2768,88;-;-;154,26;-;-;487,19;487,19;18;3,0;-;-
"293290 Valença";4;4;2247,85;2145,01;-;-;102,84;-;-;561,96;561,96;14;3,5;-;-
"293300 Valente";3;3;1485,57;1408,44;-;-;77,13;-;-;495,19;495,19;6;2,0;-;-
"293310 Várzea do Poço";5;5;2435,95;2307,40;-;-;128,55;-;-;487,19;487,19;15;3,0;-;-
"293315 Várzea Nova";4;4;1996,76;1893,92;-;-;102,84;-;-;499,19;499,19;10;2,5;-;-
"293330 Vitória da Conquista";49;49;24513,30;23253,51;-;-;1259,79;-;-;500,27;500,27;114;2,3;-;-
"293340 Wagner";6;6;2923,14;2768,88;-;-;154,26;-;-;487,19;487,19;12;2,0;-;-
"293345 Wanderley";16;16;7795,04;7383,68;-;-;411,36;-;-;487,19;487,19;18;1,1;-;-
"293350 Wenceslau Guimarães";10;10;4983,90;4726,80;-;-;257,10;-;-;498,39;498,39;23;2,3;-;-
"310030 Abre Campo";1;1;479,19;453,48;-;-;25,71;-;-;479,19;479,19;4;4,0;-;-
"310060 Água Boa";6;6;2875,14;2720,88;-;-;154,26;-;-;479,19;479,19;12;2,0;-;-
"310090 Águas Formosas";21;21;10903,83;10309,74;-;-;594,09;-;-;519,23;519,23;109;5,2;-;-
"310100 Águas Vermelhas";2;2;998,38;946,96;-;-;51,42;-;-;499,19;499,19;5;2,5;-;-
"310110 Aimorés";4;4;1964,76;1861,92;-;-;102,84;-;-;491,19;491,19;6;1,5;-;-
"310150 Além Paraíba";2;2;982,38;930,96;-;-;51,42;-;-;491,19;491,19;3;1,5;-;-
"310170 Almenara";7;7;3488,28;3308,31;-;-;179,97;-;-;498,33;498,33;16;2,3;-;-
"310340 Araçuaí";5;5;2539,95;2411,40;-;-;128,55;-;-;507,99;507,99;18;3,6;-;-
"310350 Araguari";8;8;4446,62;4198,37;-;-;248,25;-;-;555,83;555,83;43;5,4;-;-
"310420 Arcos";2;2;982,38;930,96;-;-;51,42;-;-;491,19;491,19;3;1,5;-;-
"310450 Arinos";1;1;479,19;453,48;-;-;25,71;-;-;479,19;479,19;3;3,0;-;-
"310470 Ataléia";4;4;2004,76;1901,92;-;-;102,84;-;-;501,19;501,19;13;3,3;-;-
"310540 Barão de Cocais";2;2;982,38;930,96;-;-;51,42;-;-;491,19;491,19;3;1,5;-;-
"310560 Barbacena";8;8;4041,02;3835,34;-;-;205,68;-;-;505,13;505,13;18;2,3;-;-
"310590 Barroso";1;1;479,19;453,48;-;-;25,71;-;-;479,19;479,19;2;2,0;-;-
"310620 Belo Horizonte";158;158;116727,84;108625,46;-;-;8102,38;-;-;738,78;738,78;701;4,4;1;0,63
"310640 Belo Vale";2;2;1022,38;970,96;-;-;51,42;-;-;511,19;511,19;11;5,5;-;-
"310650 Berilo";1;1;495,19;469,48;-;-;25,71;-;-;495,19;495,19;2;2,0;-;-
"310670 Betim";8;8;5929,83;5577,49;-;-;352,34;-;-;741,23;741,23;38;4,8;-;-
"310730 Bocaiúva";1;1;519,19;493,48;-;-;25,71;-;-;519,19;519,19;5;5,0;-;-
"310860 Brasília de Minas";2;2;1033,18;981,76;-;-;51,42;-;-;516,59;516,59;15;7,5;-;-
"310270 Cachoeira de Pajeú";1;1;479,19;453,48;-;-;25,71;-;-;479,19;479,19;3;3,0;-;-
"311230 Capelinha";2;2;1007,72;956,30;-;-;51,42;-;-;503,86;503,86;6;3,0;-;-
"311280 Capitólio";2;2;990,38;938,96;-;-;51,42;-;-;495,19;495,19;4;2,0;-;-
"311300 Caraí";1;1;479,19;453,48;-;-;25,71;-;-;479,19;479,19;2;2,0;-;-
"311320 Carandaí";2;2;999,72;948,30;-;-;51,42;-;-;499,86;499,86;7;3,5;-;-
"311330 Carangola";3;3;2377,02;2257,47;-;-;119,55;-;-;792,34;792,34;12;4,0;-;-
"311430 Carmo do Paranaíba";1;1;503,19;477,48;-;-;25,71;-;-;503,19;503,19;3;3,0;-;-
"311440 Carmo do Rio Claro";1;1;503,19;477,48;-;-;25,71;-;-;503,19;503,19;3;3,0;-;-
"311450 Carmópolis de Minas";2;2;990,38;938,96;-;-;51,42;-;-;495,19;495,19;4;2,0;-;-
"311510 Cássia";1;1;517,93;488,35;-;-;29,58;-;-;517,93;517,93;7;7,0;-;-
"311550 Caxambu";1;1;495,19;469,48;-;-;25,71;-;-;495,19;495,19;2;2,0;-;-
"311570 Central de Minas";1;1;479,19;453,48;-;-;25,71;-;-;479,19;479,19;3;3,0;-;-
"311680 Coluna";3;3;1573,57;1496,44;-;-;77,13;-;-;524,52;524,52;17;5,7;-;-
"311800 Congonhas";3;3;1477,57;1400,44;-;-;77,13;-;-;492,52;492,52;9;3,0;-;-
"311830 Conselheiro Lafaiete";11;11;6015,09;5732,28;-;-;282,81;-;-;546,83;546,83;45;4,1;-;-
"311840 Conselheiro Pena";2;2;958,38;906,96;-;-;51,42;-;-;479,19;479,19;3;1,5;-;-
"311860 Contagem";28;28;15455,83;14469,47;-;-;986,36;-;-;551,99;551,99;99;3,5;-;-
"311930 Coromandel";1;1;487,19;461,48;-;-;25,71;-;-;487,19;487,19;1;1,0;-;-
"312080 Cruzília";1;1;511,19;485,48;-;-;25,71;-;-;511,19;511,19;4;4,0;-;-
"312270 Dom Silvério";1;1;479,19;453,48;-;-;25,71;-;-;479,19;479,19;3;3,0;-;-
"312360 Elói Mendes";3;3;1525,81;1433,20;-;-;92,61;-;-;508,60;508,60;13;4,3;-;-
"312400 Ervália";1;1;527,19;501,48;-;-;25,71;-;-;527,19;527,19;6;6,0;-;-
"312410 Esmeraldas";3;3;1485,57;1408,44;-;-;77,13;-;-;495,19;495,19;6;2,0;-;-
"312560 Felisburgo";6;6;2939,14;2784,88;-;-;154,26;-;-;489,86;489,86;20;3,3;1;16,67
"312760 Gouveia";3;3;1461,57;1384,44;-;-;77,13;-;-;487,19;487,19;8;2,7;-;-
"312770 Governador Valadares";1;1;742,78;704,22;-;-;38,56;-;-;742,78;742,78;2;2,0;-;-
"312780 Grão Mogol";2;2;982,38;930,96;-;-;51,42;-;-;491,19;491,19;5;2,5;-;-
"312980 Ibirité";11;11;5479,09;5196,28;-;-;282,81;-;-;498,10;498,10;26;2,4;-;-
"313090 Inhapim";4;4;2204,09;2101,25;-;-;102,84;-;-;551,02;551,02;10;2,5;-;-
"313130 Ipatinga";9;9;5248,78;4968,47;-;-;280,31;-;-;583,20;583,20;27;3,0;-;-
"313170 Itabira";7;7;7012,69;6318,50;-;-;694,19;-;-;1001,81;1001,81;19;2,7;1;14,29
"313180 Itabirinha";3;3;1469,57;1392,44;-;-;77,13;-;-;489,86;489,86;6;2,0;-;-
"313220 Itaguara";1;1;659,49;614,43;-;-;45,06;-;-;659,49;659,49;11;11,0;-;-
"313230 Itaipé";1;1;479,19;453,48;-;-;25,71;-;-;479,19;479,19;4;4,0;-;-
"313250 Itamarandiba";1;1;495,19;469,48;-;-;25,71;-;-;495,19;495,19;3;3,0;-;-
"313330 Itaobim";1;1;495,19;469,48;-;-;25,71;-;-;495,19;495,19;2;2,0;-;-
"313380 Itaúna";1;1;487,19;461,48;-;-;25,71;-;-;487,19;487,19;2;2,0;-;-
"313440 Iturama";2;2;974,38;922,96;-;-;51,42;-;-;487,19;487,19;2;1,0;-;-
"313460 Jaboticatubas";1;1;479,19;453,48;-;-;25,71;-;-;479,19;479,19;5;5,0;-;-
"313470 Jacinto";3;3;1461,57;1384,44;-;-;77,13;-;-;487,19;487,19;4;1,3;-;-
"313620 João Monlevade";1;1;495,19;469,48;-;-;25,71;-;-;495,19;495,19;2;2,0;-;-
"313650 Jordânia";1;1;479,19;453,48;-;-;25,71;-;-;479,19;479,19;-;-;1;100,00
"313670 Juiz de Fora";16;16;25177,33;22743,10;-;-;2434,23;-;-;1573,58;1573,58;90;5,6;1;6,25
"313690 Juruaia";1;1;479,19;453,48;-;-;25,71;-;-;479,19;479,19;2;2,0;-;-
"313840 Leopoldina";2;2;8744,50;7656,73;-;-;1087,77;-;-;4372,25;4372,25;29;14,5;-;-
"313880 Luz";2;2;971,08;919,66;-;-;51,42;-;-;485,54;485,54;4;2,0;1;50,00
"313890 Machacalis";2;2;1014,38;962,96;-;-;51,42;-;-;507,19;507,19;7;3,5;-;-
"313920 Malacacheta";4;4;1956,76;1853,92;-;-;102,84;-;-;489,19;489,19;5;1,3;-;-
"313940 Manhuaçu";5;5;2568,07;2431,78;-;-;136,29;-;-;513,61;513,61;21;4,2;-;-
"313960 Mantena";2;2;982,38;930,96;-;-;51,42;-;-;491,19;491,19;7;3,5;-;-
"313990 Maria da Fé";1;1;503,19;477,48;-;-;25,71;-;-;503,19;503,19;3;3,0;-;-
"314000 Mariana";1;1;55,27;43,65;-;-;11,62;-;-;55,27;55,27;1;1,0;-;-
"314050 Martinho Campos";1;1;503,19;477,48;-;-;25,71;-;-;503,19;503,19;3;3,0;-;-
"314140 Medina";8;8;3969,52;3763,84;-;-;205,68;-;-;496,19;496,19;17;2,1;-;-
"314180 Minas Novas";5;5;2459,95;2331,40;-;-;128,55;-;-;491,99;491,99;8;1,6;-;-
"314200 Mirabela";1;1;511,19;485,48;-;-;25,71;-;-;511,19;511,19;127;127,0;-;-
"314220 Miraí";1;1;495,19;469,48;-;-;25,71;-;-;495,19;495,19;2;2,0;-;-
"314260 Monsenhor Paulo";1;1;479,19;453,48;-;-;25,71;-;-;479,19;479,19;7;7,0;-;-
"314270 Montalvânia";4;4;1948,76;1845,92;-;-;102,84;-;-;487,19;487,19;4;1,0;-;-
"314300 Monte Belo";1;1;479,19;453,48;-;-;25,71;-;-;479,19;479,19;3;3,0;-;-
"314310 Monte Carmelo";5;5;2444,15;2315,60;-;-;128,55;-;-;488,83;488,83;9;1,8;-;-
"314330 Montes Claros";4;4;2196,36;2080,77;-;-;115,59;-;-;549,09;549,09;21;5,3;-;-
"314390 Muriaé";4;4;2108,40;1995,28;-;-;113,12;-;-;527,10;527,10;11;2,8;-;-
"314400 Mutum";10;10;5047,90;4790,80;-;-;257,10;-;-;504,79;504,79;32;3,2;-;-
"314410 Muzambinho";2;2;1014,38;962,96;-;-;51,42;-;-;507,19;507,19;7;3,5;-;-
"314430 Nanuque";1;1;495,19;469,48;-;-;25,71;-;-;495,19;495,19;2;2,0;-;-
"314480 Nova Lima";1;1;711,10;650,56;-;-;60,54;-;-;711,10;711,10;15;15,0;-;-
"314520 Nova Serrana";3;3;1485,57;1408,44;-;-;77,13;-;-;495,19;495,19;6;2,0;-;-
"314530 Novo Cruzeiro";1;1;479,19;453,48;-;-;25,71;-;-;479,19;479,19;3;3,0;-;-
"314560 Oliveira";1;1;495,19;469,48;-;-;25,71;-;-;495,19;495,19;2;2,0;-;-
"314600 Ouro Fino";1;1;479,19;453,48;-;-;25,71;-;-;479,19;479,19;1;1,0;-;-
"314630 Padre Paraíso";3;3;1636,80;1507,03;-;-;129,77;-;-;545,60;545,60;12;4,0;-;-
"314710 Pará de Minas";1;1;613,42;582,57;-;-;30,85;-;-;613,42;613,42;4;4,0;-;-
"314700 Paracatu";1;1;2872,79;2508,08;-;-;364,71;-;-;2872,79;2872,79;4;4,0;1;100,00
"314790 Passos";1;1;667,48;636,63;-;-;30,85;-;-;667,48;667,48;6;6,0;-;-
"314800 Patos de Minas";1;1;1436,63;1275,32;-;-;161,31;-;-;1436,63;1436,63;3;3,0;-;-
"314980 Perdizes";11;11;5271,09;4988,28;-;-;282,81;-;-;479,19;479,19;32;2,9;-;-
"314990 Perdões";1;1;555,25;525,67;-;-;29,58;-;-;555,25;555,25;7;7,0;-;-
"315180 Poços de Caldas";1;1;742,78;704,22;-;-;38,56;-;-;742,78;742,78;2;2,0;-;-
"315210 Ponte Nova";1;1;1322,17;1256,12;-;-;66,05;-;-;1322,17;1322,17;12;12,0;-;-
"315220 Porteirinha";1;1;503,19;477,48;-;-;25,71;-;-;503,19;503,19;3;3,0;-;-
"315280 Prata";1;1;479,19;453,48;-;-;25,71;-;-;479,19;479,19;1;1,0;-;-
"315400 Raul Soares";6;6;3019,14;2864,88;-;-;154,26;-;-;503,19;503,19;18;3,0;-;-
"315430 Resplendor";3;3;1509,57;1432,44;-;-;77,13;-;-;503,19;503,19;9;3,0;-;-
"315460 Ribeirão das Neves";9;9;4475,88;4236,75;-;-;239,13;-;-;497,32;497,32;39;4,3;-;-
"315560 Rio Pardo de Minas";5;5;2483,95;2355,40;-;-;128,55;-;-;496,79;496,79;11;2,2;-;-
"315570 Rio Piracicaba";1;1;479,19;453,48;-;-;25,71;-;-;479,19;479,19;2;2,0;-;-
"315590 Rio Preto";2;2;966,38;914,96;-;-;51,42;-;-;483,19;483,19;4;2,0;-;-
"315600 Rio Vermelho";1;1;487,19;461,48;-;-;25,71;-;-;487,19;487,19;3;3,0;-;-
"315660 Rubim";1;1;519,19;493,48;-;-;25,71;-;-;519,19;519,19;5;5,0;-;-
"315680 Sabinópolis";6;6;2915,14;2760,88;-;-;154,26;-;-;485,86;485,86;9;1,5;-;-
"315720 Santa Bárbara";4;4;1980,76;1877,92;-;-;102,84;-;-;495,19;495,19;10;2,5;-;-
"315820 Santa Maria do Suaçuí";1;1;479,19;453,48;-;-;25,71;-;-;479,19;479,19;3;3,0;-;-
"315980 Santa Vitória";2;2;958,38;906,96;-;-;51,42;-;-;479,19;479,19;4;2,0;-;-
"316070 Santos Dumont";3;3;8524,25;7459,22;-;-;1065,03;-;-;2841,42;2841,42;37;12,3;-;-
"316110 São Francisco";1;1;479,19;453,48;-;-;25,71;-;-;479,19;479,19;1;1,0;-;-
"316200 São Gonçalo do Sapucaí";3;3;1445,57;1368,44;-;-;77,13;-;-;481,86;481,86;5;1,7;-;-
"316210 São Gotardo";1;1;487,19;461,48;-;-;25,71;-;-;487,19;487,19;4;4,0;-;-
"316240 São João da Ponte";2;2;1001,43;950,01;-;-;51,42;-;-;500,72;500,72;3;1,5;-;-
"316270 São João do Paraíso";1;1;503,19;477,48;-;-;25,71;-;-;503,19;503,19;3;3,0;-;-
"316530 São Vicente de Minas";2;2;958,38;906,96;-;-;51,42;-;-;479,19;479,19;10;5,0;-;-
"316720 Sete Lagoas";5;5;2591,41;2462,86;-;-;128,55;-;-;518,28;518,28;15;3,0;-;-
"316800 Taiobeiras";2;2;1279,59;1193,34;-;-;86,25;-;-;639,79;639,79;17;8,5;-;-
"316870 Timóteo";1;1;602,37;576,66;-;-;25,71;-;-;602,37;602,37;3;3,0;-;-
"316930 Três Corações";2;2;974,38;922,96;-;-;51,42;-;-;487,19;487,19;2;1,0;-;-
"316970 Turmalina";4;4;2012,76;1909,92;-;-;102,84;-;-;503,19;503,19;12;3,0;-;-
"316990 Ubá";2;2;1049,30;990,14;-;-;59,16;-;-;524,65;524,65;13;6,5;-;-
"317010 Uberaba";8;8;5672,48;5384,29;-;-;288,19;-;-;709,06;709,06;28;3,5;-;-
"317020 Uberlândia";22;22;11261,00;10629,89;-;-;631,11;-;-;511,86;511,86;59;2,7;-;-
"317070 Varginha";2;2;1152,21;1096,92;-;-;55,29;-;-;576,11;576,11;12;6,0;-;-
"317090 Varzelândia";2;2;998,38;946,96;-;-;51,42;-;-;499,19;499,19;5;2,5;-;-
"317120 Vespasiano";5;5;2000,98;1887,26;-;-;113,72;-;-;400,20;400,20;8;1,6;-;-
"317130 Viçosa";1;1;495,19;469,48;-;-;25,71;-;-;495,19;495,19;2;2,0;-;-
"317180 Virginópolis";4;4;2092,88;1982,30;-;-;110,58;-;-;523,22;523,22;17;4,3;-;-
"320010 Afonso Cláudio";2;2;1006,38;954,96;-;-;51,42;-;-;503,19;503,19;6;3,0;-;-
"320060 Aracruz";1;1;614,42;536,07;-;-;78,35;-;-;614,42;614,42;4;4,0;-;-
"320080 Baixo Guandu";5;5;2563,95;2435,40;-;-;128,55;-;-;512,79;512,79;21;4,2;-;-
"320100 Boa Esperança";1;1;479,19;453,48;-;-;25,71;-;-;479,19;479,19;2;2,0;-;-
"320120 Cachoeiro de Itapemirim";10;10;14922,17;13262,01;-;-;1660,16;-;-;1492,22;1492,22;62;6,2;-;-
"320140 Castelo";3;3;1469,57;1392,44;-;-;77,13;-;-;489,86;489,86;5;1,7;-;-
"320150 Colatina";1;1;47,27;35,65;-;-;11,62;-;-;47,27;47,27;1;1,0;-;-
"320190 Domingos Martins";4;4;1548,84;1460,09;-;-;88,75;-;-;387,21;387,21;8;2,0;-;-
"320210 Ecoporanga";3;3;1445,57;1368,44;-;-;77,13;-;-;481,86;481,86;7;2,3;-;-
"320240 Guarapari";12;12;6363,98;6055,46;-;-;308,52;-;-;530,33;530,33;34;2,8;-;-
"320245 Ibatiba";2;2;982,38;930,96;-;-;51,42;-;-;491,19;491,19;5;2,5;-;-
"320300 Iúna";5;5;2555,95;2427,40;-;-;128,55;-;-;511,19;511,19;24;4,8;1;20,00
"320313 João Neiva";1;1;499,86;474,15;-;-;25,71;-;-;499,86;499,86;2;2,0;-;-
"320320 Linhares";1;1;625,34;591,89;-;-;33,45;-;-;625,34;625,34;8;8,0;-;-
"320350 Montanha";3;3;1477,57;1400,44;-;-;77,13;-;-;492,52;492,52;9;3,0;-;-
"320360 Mucurici";3;3;1437,57;1360,44;-;-;77,13;-;-;479,19;479,19;4;1,3;-;-
"320390 Nova Venécia";1;1;479,19;453,48;-;-;25,71;-;-;479,19;479,19;5;5,0;-;-
"320405 Pedro Canário";5;5;2427,95;2299,40;-;-;128,55;-;-;485,59;485,59;10;2,0;-;-
"320410 Pinheiros";1;1;495,19;469,48;-;-;25,71;-;-;495,19;495,19;2;2,0;-;-
"320455 Santa Maria de Jetibá";1;1;479,19;453,48;-;-;25,71;-;-;479,19;479,19;3;3,0;-;-
"320490 São Mateus";7;7;4584,68;4331,18;-;-;253,50;-;-;654,95;654,95;54;7,7;-;-
"320506 Venda Nova do Imigrante";2;2;974,38;922,96;-;-;51,42;-;-;487,19;487,19;6;3,0;-;-
"320520 Vila Velha";79;79;40341,07;38228,71;-;-;2112,36;-;-;510,65;510,65;226;2,9;-;-
"320530 Vitória";27;27;19020,12;17693,71;-;-;1326,41;-;-;704,45;704,45;95;3,5;-;-
"330030 Barra do Piraí";2;2;974,38;922,96;-;-;51,42;-;-;487,19;487,19;5;2,5;-;-
"330040 Barra Mansa";2;2;1003,84;948,55;-;-;55,29;-;-;501,92;501,92;10;5,0;-;-
"330045 Belford Roxo";5;5;2450,05;2321,50;-;-;128,55;-;-;490,01;490,01;12;2,4;-;-
"330070 Cabo Frio";1;1;487,19;461,48;-;-;25,71;-;-;487,19;487,19;1;1,0;-;-
"330100 Campos dos Goytacazes";1;1;759,35;720,79;-;-;38,56;-;-;759,35;759,35;2;2,0;-;-
"330110 Cantagalo";4;4;1980,76;1877,92;-;-;102,84;-;-;495,19;495,19;8;2,0;-;-
"330150 Cordeiro";4;4;2012,76;1909,92;-;-;102,84;-;-;503,19;503,19;13;3,3;-;-
"330170 Duque de Caxias";3;3;1655,08;1554,73;-;-;100,35;-;-;551,69;551,69;17;5,7;-;-
"330220 Itaperuna";2;2;1832,78;1749,85;-;-;82,93;-;-;916,39;916,39;9;4,5;-;-
"330225 Itatiaia";1;1;487,19;461,48;-;-;25,71;-;-;487,19;487,19;1;1,0;-;-
"330240 Macaé";9;9;6961,64;6459,05;-;-;502,59;-;-;773,52;773,52;40;4,4;-;-
"330250 Magé";6;6;1619,38;1507,39;-;-;111,99;-;-;269,90;269,90;13;2,2;-;-
"330260 Mangaratiba";1;1;479,19;453,48;-;-;25,71;-;-;479,19;479,19;6;6,0;-;-
"330290 Miguel Pereira";4;4;2070,16;1967,32;-;-;102,84;-;-;517,54;517,54;17;4,3;-;-
"330300 Miracema";2;2;2233,38;2002,86;-;-;230,52;-;-;1116,69;1116,69;13;6,5;-;-
"330330 Niterói";3;3;3838,70;3428,79;-;-;409,91;-;-;1279,57;1279,57;64;21,3;1;33,33
"330340 Nova Friburgo";12;12;10405,20;9843,78;-;-;561,42;-;-;867,10;867,10;67;5,6;-;-
"330350 Nova Iguaçu";4;4;2008,96;1906,12;-;-;102,84;-;-;502,24;502,24;10;2,5;-;-
"330390 Petrópolis";3;3;1485,57;1408,44;-;-;77,13;-;-;495,19;495,19;10;3,3;-;-
"330420 Resende";4;4;2486,16;2315,52;-;-;170,64;-;-;621,54;621,54;12;3,0;-;-
"330450 Rio das Flores";1;1;479,19;453,48;-;-;25,71;-;-;479,19;479,19;1;1,0;-;-
"330455 Rio de Janeiro";65;65;43375,18;40587,43;-;-;2787,75;-;-;667,31;667,31;275;4,2;-;-
"330470 Santo Antônio de Pádua";1;1;495,19;469,48;-;-;25,71;-;-;495,19;495,19;2;2,0;-;-
"330480 São Fidélis";1;1;479,19;453,48;-;-;25,71;-;-;479,19;479,19;-;-;-;-
"330490 São Gonçalo";7;7;3426,33;3246,36;-;-;179,97;-;-;489,48;489,48;26;3,7;-;-
"330530 São Sebastião do Alto";1;1;487,19;461,48;-;-;25,71;-;-;487,19;487,19;1;1,0;-;-
"330580 Teresópolis";1;1;766,78;728,22;-;-;38,56;-;-;766,78;766,78;4;4,0;-;-
"330610 Valença";2;2;982,38;930,96;-;-;51,42;-;-;491,19;491,19;37;18,5;-;-
"330630 Volta Redonda";17;17;8693,38;8256,31;-;-;437,07;-;-;511,38;511,38;51;3,0;-;-
"350160 Americana";1;1;543,88;518,17;-;-;25,71;-;-;543,88;543,88;4;4,0;-;-
"350190 Amparo";3;3;584,18;536,94;-;-;47,24;-;-;194,73;194,73;5;1,7;-;-
"350270 Apiaí";1;1;558,94;533,23;-;-;25,71;-;-;558,94;558,94;6;6,0;-;-
"350320 Araraquara";1;1;749,83;711,27;-;-;38,56;-;-;749,83;749,83;1;1,0;-;-
"350410 Atibaia";2;2;1022,38;970,96;-;-;51,42;-;-;511,19;511,19;8;4,0;-;-
"350450 Avaré";1;1;503,19;477,48;-;-;25,71;-;-;503,19;503,19;3;3,0;-;-
"350520 Bariri";1;1;487,19;461,48;-;-;25,71;-;-;487,19;487,19;1;1,0;-;-
"350570 Barueri";22;22;10946,93;10381,31;-;-;565,62;-;-;497,59;497,59;51;2,3;-;-
"350600 Bauru";10;10;5630,97;5306,07;-;-;324,90;-;-;563,10;563,10;30;3,0;-;-
"350635 Bertioga";2;2;958,38;906,96;-;-;51,42;-;-;479,19;479,19;5;2,5;-;-
"350750 Botucatu";17;17;12983,12;12311,41;-;-;671,71;-;-;763,71;763,71;63;3,7;-;-
"350760 Bragança Paulista";6;6;3634,38;3442,81;-;-;191,57;-;-;605,73;605,73;15;2,5;-;-
"350840 Cabreúva";1;1;487,19;461,48;-;-;25,71;-;-;487,19;487,19;1;1,0;-;-
"350850 Caçapava";1;1;479,19;453,48;-;-;25,71;-;-;479,19;479,19;1;1,0;-;-
"350880 Cafelândia";1;1;495,19;469,48;-;-;25,71;-;-;495,19;495,19;2;2,0;-;-
"350930 Cajobi";1;1;479,19;453,48;-;-;25,71;-;-;479,19;479,19;2;2,0;-;-
"350950 Campinas";41;41;34031,55;31631,36;-;-;2400,19;-;-;830,04;830,04;120;2,9;-;-
"350970 Campos do Jordão";2;2;1042,44;987,15;-;-;55,29;-;-;521,22;521,22;10;5,0;-;-
"351060 Carapicuíba";1;1;510,88;485,17;-;-;25,71;-;-;510,88;510,88;2;2,0;-;-
"351070 Cardoso";1;1;511,19;485,48;-;-;25,71;-;-;511,19;511,19;4;4,0;-;-
"351110 Catanduva";1;1;766,78;728,22;-;-;38,56;-;-;766,78;766,78;4;4,0;-;-
"351160 Cesário Lange";2;2;1114,56;1051,53;-;-;63,03;-;-;557,28;557,28;12;6,0;-;-
"351230 Conchas";1;1;487,19;461,48;-;-;25,71;-;-;487,19;487,19;3;3,0;-;-
"351300 Cotia";4;4;1524,84;1436,09;-;-;88,75;-;-;381,21;381,21;11;2,8;-;-
"351350 Cubatão";4;4;2045,85;1943,01;-;-;102,84;-;-;511,46;511,46;13;3,3;-;-
"351380 Diadema";29;29;17464,57;16164,81;-;-;1299,76;-;-;602,23;602,23;129;4,4;-;-
"351410 Dois Córregos";2;2;1054,42;1003,00;-;-;51,42;-;-;527,21;527,21;5;2,5;-;-
"351440 Dracena";2;2;982,38;930,96;-;-;51,42;-;-;491,19;491,19;3;1,5;-;-
"351450 Duartina";4;4;1988,76;1885,92;-;-;102,84;-;-;497,19;497,19;9;2,3;-;-
"351550 Fernandópolis";1;1;495,19;469,48;-;-;25,71;-;-;495,19;495,19;2;2,0;-;-
"351620 Franca";12;12;12881,30;12133,90;-;-;747,40;-;-;1073,44;1073,44;63;5,3;-;-
"351630 Francisco Morato";3;3;1104,57;1026,05;-;-;78,52;-;-;368,19;368,19;13;4,3;-;-
"351690 General Salgado";2;2;958,38;906,96;-;-;51,42;-;-;479,19;479,19;4;2,0;-;-
"351760 Guapiara";1;1;503,19;477,48;-;-;25,71;-;-;503,19;503,19;3;3,0;-;-
"351830 Guararema";3;3;1493,57;1416,44;-;-;77,13;-;-;497,86;497,86;7;2,3;-;-
"351880 Guarulhos";26;26;15031,93;14169,83;-;-;862,10;-;-;578,15;578,15;101;3,9;-;-
"351900 Herculândia";9;9;4312,71;4081,32;-;-;231,39;-;-;479,19;479,19;29;3,2;-;-
"351907 Hortolândia";4;4;2022,16;1919,32;-;-;102,84;-;-;505,54;505,54;28;7,0;-;-
"351990 Iepê";1;1;479,19;453,48;-;-;25,71;-;-;479,19;479,19;3;3,0;-;-
"352190 Itajobi";4;4;1932,76;1829,92;-;-;102,84;-;-;483,19;483,19;6;1,5;-;-
"352220 Itapecerica da Serra";4;4;1481,79;1393,78;-;-;88,01;-;-;370,45;370,45;10;2,5;-;-
"352230 Itapetininga";1;1;539,89;514,18;-;-;25,71;-;-;539,89;539,89;6;6,0;-;-
"352240 Itapeva";4;4;2374,07;2267,36;-;-;106,71;-;-;593,52;593,52;17;4,3;-;-
"352250 Itapevi";4;4;3472,92;3166,68;-;-;306,24;-;-;868,23;868,23;17;4,3;-;-
"352260 Itapira";1;1;479,19;453,48;-;-;25,71;-;-;479,19;479,19;-;-;1;100,00
"352270 Itápolis";1;1;539,21;513,50;-;-;25,71;-;-;539,21;539,21;4;4,0;-;-
"352320 Itararé";7;7;3506,33;3326,36;-;-;179,97;-;-;500,90;500,90;19;2,7;-;-
"352340 Itatiba";3;3;1610,65;1533,52;-;-;77,13;-;-;536,88;536,88;4;1,3;-;-
"352440 Jacareí";2;2;982,38;930,96;-;-;51,42;-;-;491,19;491,19;3;1,5;-;-
"352470 Jaguariúna";2;2;1017,06;965,64;-;-;51,42;-;-;508,53;508,53;5;2,5;-;-
"352530 Jaú";11;11;5098,02;4829,30;-;-;268,72;-;-;463,46;463,46;24;2,2;-;-
"352570 José Bonifácio";2;2;966,38;914,96;-;-;51,42;-;-;483,19;483,19;2;1,0;-;-
"352590 Jundiaí";12;12;5853,78;5437,16;-;-;416,62;-;-;487,81;487,81;67;5,6;-;-
"352640 Laranjal Paulista";1;1;511,19;485,48;-;-;25,71;-;-;511,19;511,19;4;4,0;-;-
"352680 Lençóis Paulista";1;1;487,19;461,48;-;-;25,71;-;-;487,19;487,19;1;1,0;-;-
"352690 Limeira";4;4;8447,89;7416,55;-;-;1031,34;-;-;2111,97;2111,97;16;4,0;-;-
"352900 Marília";11;11;11607,77;10840,35;-;-;767,42;-;-;1055,25;1055,25;59;5,4;-;-
"352920 Martinópolis";2;2;1014,38;962,96;-;-;51,42;-;-;507,19;507,19;7;3,5;-;-
"353010 Mirandópolis";2;2;974,38;922,96;-;-;51,42;-;-;487,19;487,19;2;1,0;-;-
"353060 Mogi das Cruzes";12;12;7001,37;6594,09;-;-;407,28;-;-;583,45;583,45;48;4,0;-;-
"353080 Mogi Mirim";1;1;495,19;469,48;-;-;25,71;-;-;495,19;495,19;2;2,0;-;-
"353110 Mongaguá";3;3;1477,57;1400,44;-;-;77,13;-;-;492,52;492,52;8;2,7;-;-
"353190 Morro Agudo";1;1;487,19;461,48;-;-;25,71;-;-;487,19;487,19;1;1,0;-;-
"353300 Nova Granada";1;1;507,21;481,50;-;-;25,71;-;-;507,21;507,21;4;4,0;-;-
"353350 Novo Horizonte";1;1;515,89;490,18;-;-;25,71;-;-;515,89;515,89;3;3,0;-;-
"353430 Orlândia";1;1;487,19;461,48;-;-;25,71;-;-;487,19;487,19;1;1,0;-;-
"353440 Osasco";12;12;5442,72;5144,60;-;-;298,12;-;-;453,56;453,56;29;2,4;-;-
"353470 Ourinhos";1;1;215,33;186,12;-;-;29,21;-;-;215,33;215,33;2;2,0;-;-
"353490 Pacaembu";2;2;958,38;906,96;-;-;51,42;-;-;479,19;479,19;6;3,0;-;-
"353520 Palmeira d'Oeste";1;1;479,19;453,48;-;-;25,71;-;-;479,19;479,19;2;2,0;-;-
"353620 Pariquera-Açu";3;3;1557,07;1479,94;-;-;77,13;-;-;519,02;519,02;8;2,7;-;-
"353650 Paulínia";1;1;495,19;469,48;-;-;25,71;-;-;495,19;495,19;2;2,0;-;-
"353670 Pederneiras";1;1;487,19;461,48;-;-;25,71;-;-;487,19;487,19;-;-;-;-
"353710 Pedreira";1;1;497,87;472,16;-;-;25,71;-;-;497,87;497,87;2;2,0;-;-
"353790 Pilar do Sul";1;1;495,19;469,48;-;-;25,71;-;-;495,19;495,19;2;2,0;-;-
"353800 Pindamonhangaba";3;3;1462,60;1385,47;-;-;77,13;-;-;487,53;487,53;11;3,7;-;-
"353870 Piracicaba";5;5;3422,06;3236,85;-;-;185,21;-;-;684,41;684,41;26;5,2;-;-
"353880 Piraju";3;3;1493,57;1416,44;-;-;77,13;-;-;497,86;497,86;7;2,3;-;-
"354100 Praia Grande";2;2;1026,19;970,90;-;-;55,29;-;-;513,10;513,10;10;5,0;-;-
"354130 Presidente Epitácio";1;1;483,86;458,15;-;-;25,71;-;-;483,86;483,86;1;1,0;-;-
"354140 Presidente Prudente";3;3;1633,00;1555,87;-;-;77,13;-;-;544,33;544,33;8;2,7;-;-
"354150 Presidente Venceslau";1;1;717,69;691,98;-;-;25,71;-;-;717,69;717,69;6;6,0;-;-
"354160 Promissão";3;3;1462,91;1385,78;-;-;77,13;-;-;487,64;487,64;5;1,7;-;-
"354220 Rancharia";4;4;1698,19;1610,18;-;-;88,01;-;-;424,55;424,55;7;1,8;-;-
"354300 Ribeirão Branco";1;1;487,19;461,48;-;-;25,71;-;-;487,19;487,19;1;1,0;-;-
"354340 Ribeirão Preto";14;14;9933,92;9282,06;-;-;651,86;-;-;709,57;709,57;29;2,1;-;-
"354390 Rio Claro";1;1;517,20;491,49;-;-;25,71;-;-;517,20;517,20;3;3,0;-;-
"354425 Rosana";2;2;1054,50;995,34;-;-;59,16;-;-;527,25;527,25;14;7,0;-;-
"354530 Salto de Pirapora";1;1;598,42;520,07;-;-;78,35;-;-;598,42;598,42;3;3,0;-;-
"354630 Santa Cruz das Palmeiras";4;4;1680,23;1545,31;-;-;134,92;-;-;420,06;420,06;10;2,5;1;25,00
"354770 Santo Anastácio";1;1;479,19;453,48;-;-;25,71;-;-;479,19;479,19;2;2,0;-;-
"354780 Santo André";15;15;9233,40;8733,88;-;-;499,52;-;-;615,56;615,56;40;2,7;-;-
"354850 Santos";17;17;15042,22;13879,87;-;-;1162,35;-;-;884,84;884,84;53;3,1;-;-
"354860 São Bento do Sapucaí";1;1;495,19;469,48;-;-;25,71;-;-;495,19;495,19;2;2,0;-;-
"354870 São Bernardo do Campo";16;16;8629,77;8187,45;-;-;442,32;-;-;539,36;539,36;67;4,2;-;-
"354880 São Caetano do Sul";20;20;14040,53;12944,31;-;-;1096,22;-;-;702,03;702,03;45;2,3;-;-
"354890 São Carlos";5;5;2620,19;2487,77;-;-;132,42;-;-;524,04;524,04;20;4,0;-;-
"354940 São Joaquim da Barra";1;1;495,19;469,48;-;-;25,71;-;-;495,19;495,19;2;2,0;-;-
"354980 São José do Rio Preto";10;10;7046,40;6700,59;-;-;345,81;-;-;704,64;704,64;22;2,2;-;-
"354990 São José dos Campos";10;10;7857,51;7261,41;-;-;596,10;-;-;785,75;785,75;32;3,2;-;-
"355010 São Manuel";2;2;990,38;938,96;-;-;51,42;-;-;495,19;495,19;4;2,0;-;-
"355020 São Miguel Arcanjo";2;2;958,38;906,96;-;-;51,42;-;-;479,19;479,19;8;4,0;-;-
"355030 São Paulo";327;327;219267,71;204904,72;-;-;14362,99;-;-;670,54;670,54;1292;4,0;2;0,61
"355100 São Vicente";3;3;1485,57;1408,44;-;-;77,13;-;-;495,19;495,19;6;2,0;-;-
"355220 Sorocaba";21;21;29170,16;26140,15;-;-;3030,01;-;-;1389,06;1389,06;136;6,5;1;4,76
"355240 Sumaré";3;3;2309,49;2193,81;-;-;115,68;-;-;769,83;769,83;9;3,0;-;-
"355260 Tabapuã";1;1;495,19;469,48;-;-;25,71;-;-;495,19;495,19;3;3,0;-;-
"355280 Taboão da Serra";12;12;8339,08;7788,33;-;-;550,75;-;-;694,92;694,92;35;2,9;-;-
"355330 Tambaú";1;1;44,22;33,34;-;-;10,88;-;-;44,22;44,22;1;1,0;-;-
"355370 Taquaritinga";1;1;479,19;453,48;-;-;25,71;-;-;479,19;479,19;3;3,0;-;-
"355540 Ubatuba";1;1;517,54;491,83;-;-;25,71;-;-;517,54;517,54;4;4,0;-;-
"355620 Valinhos";1;1;501,54;475,83;-;-;25,71;-;-;501,54;501,54;2;2,0;-;-
"355630 Valparaíso";1;1;479,19;453,48;-;-;25,71;-;-;479,19;479,19;3;3,0;-;-
"355640 Vargem Grande do Sul";2;2;982,38;930,96;-;-;51,42;-;-;491,19;491,19;4;2,0;-;-
"355670 Vinhedo";2;2;1075,09;1023,67;-;-;51,42;-;-;537,54;537,54;7;3,5;-;-
"355700 Votorantim";1;1;599,55;550,62;-;-;48,93;-;-;599,55;599,55;12;12,0;-;-
"355710 Votuporanga";1;1;47,27;35,65;-;-;11,62;-;-;47,27;47,27;-;-;-;-
"410010 Abatiá";1;1;479,19;453,48;-;-;25,71;-;-;479,19;479,19;2;2,0;-;-
"410110 Andirá";1;1;479,19;453,48;-;-;25,71;-;-;479,19;479,19;3;3,0;-;-
"410140 Apucarana";9;9;5590,81;5308,02;-;-;282,79;-;-;621,20;621,20;27;3,0;-;-
"410150 Arapongas";6;6;2939,14;2784,88;-;-;154,26;-;-;489,86;489,86;8;1,3;-;-
"410180 Araucária";3;3;1891,24;1814,11;-;-;77,13;-;-;630,41;630,41;5;1,7;-;-
"410200 Assis Chateaubriand";3;3;1437,57;1360,44;-;-;77,13;-;-;479,19;479,19;6;2,0;-;-
"410210 Astorga";1;1;55,27;43,65;-;-;11,62;-;-;55,27;55,27;1;1,0;-;-
"410305 Boa Vista da Aparecida";1;1;487,19;461,48;-;-;25,71;-;-;487,19;487,19;1;1,0;-;-
"410390 Campina da Lagoa";3;3;1437,57;1360,44;-;-;77,13;-;-;479,19;479,19;9;3,0;-;-
"410400 Campina Grande do Sul";2;2;3734,67;3352,45;-;-;382,22;-;-;1867,34;1867,34;5;2,5;-;-
"410420 Campo Largo";2;2;1057,18;1005,76;-;-;51,42;-;-;528,59;528,59;6;3,0;-;-
"410430 Campo Mourão";2;2;990,13;938,71;-;-;51,42;-;-;495,06;495,06;7;3,5;-;-
"410440 Cândido de Abreu";3;3;1493,57;1416,44;-;-;77,13;-;-;497,86;497,86;10;3,3;-;-
"410442 Candói";1;1;560,34;534,63;-;-;25,71;-;-;560,34;560,34;3;3,0;-;-
"410460 Capitão Leônidas Marques";4;4;1956,76;1853,92;-;-;102,84;-;-;489,19;489,19;10;2,5;-;-
"410480 Cascavel";5;5;5523,85;5060,93;-;-;462,92;-;-;1104,77;1104,77;27;5,4;-;-
"410520 Cerro Azul";1;1;487,19;461,48;-;-;25,71;-;-;487,19;487,19;5;5,0;-;-
"410530 Céu Azul";1;1;487,19;461,48;-;-;25,71;-;-;487,19;487,19;1;1,0;-;-
"410540 Chopinzinho";5;5;2464,65;2336,10;-;-;128,55;-;-;492,93;492,93;13;2,6;-;-
"410550 Cianorte";2;2;5373,02;4707,53;-;-;665,49;-;-;2686,51;2686,51;15;7,5;-;-
"410560 Cidade Gaúcha";7;7;3378,33;3198,36;-;-;179,97;-;-;482,62;482,62;14;2,0;-;-
"410570 Clevelândia";10;10;4807,90;4550,80;-;-;257,10;-;-;480,79;480,79;21;2,1;-;-
"410590 Colorado";12;12;6100,47;5791,95;-;-;308,52;-;-;508,37;508,37;20;1,7;-;-
"410640 Cornélio Procópio";13;13;6374,87;6040,64;-;-;334,23;-;-;490,37;490,37;22;1,7;-;-
"410690 Curitiba";66;66;46069,74;43235,89;-;-;2833,85;-;-;698,03;698,03;213;3,2;-;-
"410720 Dois Vizinhos";14;14;6964,86;6604,92;-;-;359,94;-;-;497,49;497,49;40;2,9;-;-
"410753 Entre Rios do Oeste";9;9;4408,71;4177,32;-;-;231,39;-;-;489,86;489,86;18;2,0;-;-
"410820 Formosa do Oeste";1;1;479,19;453,48;-;-;25,71;-;-;479,19;479,19;2;2,0;-;-
"410840 Francisco Beltrão";2;2;1859,62;1808,20;-;-;51,42;-;-;929,81;929,81;11;5,5;-;-
"410860 Goioerê";1;1;511,19;485,48;-;-;25,71;-;-;511,19;511,19;4;4,0;-;-
"410870 Grandes Rios";2;2;958,38;906,96;-;-;51,42;-;-;479,19;479,19;5;2,5;-;-
"410940 Guarapuava";4;4;2556,40;2332,05;-;-;224,35;-;-;639,10;639,10;8;2,0;-;-
"410950 Guaraqueçaba";1;1;479,19;453,48;-;-;25,71;-;-;479,19;479,19;1;1,0;-;-
"410980 Ibiporã";1;1;495,19;469,48;-;-;25,71;-;-;495,19;495,19;2;2,0;-;-
"411040 Indianópolis";1;1;479,19;453,48;-;-;25,71;-;-;479,19;479,19;3;3,0;-;-
"411070 Irati";2;2;967,72;916,30;-;-;51,42;-;-;483,86;483,86;5;2,5;-;-
"411080 Iretama";4;4;1924,76;1821,92;-;-;102,84;-;-;481,19;481,19;9;2,3;-;-
"411125 Itaperuçu";24;24;11564,56;10947,52;-;-;617,04;-;-;481,86;481,86;49;2,0;-;-
"411130 Itaúna do Sul";1;1;479,19;453,48;-;-;25,71;-;-;479,19;479,19;3;3,0;-;-
"411140 Ivaí";1;1;479,19;453,48;-;-;25,71;-;-;479,19;479,19;1;1,0;-;-
"411150 Ivaiporã";5;5;4297,81;3965,86;-;-;331,95;-;-;859,56;859,56;13;2,6;-;-
"411170 Jaboti";1;1;479,19;453,48;-;-;25,71;-;-;479,19;479,19;3;3,0;-;-
"411240 Japurá";3;3;1437,57;1360,44;-;-;77,13;-;-;479,19;479,19;9;3,0;-;-
"411250 Jardim Alegre";2;2;958,38;906,96;-;-;51,42;-;-;479,19;479,19;5;2,5;-;-
"411275 Jesuítas";2;2;998,38;946,96;-;-;51,42;-;-;499,19;499,19;7;3,5;-;-
"411330 Laranjeiras do Sul";5;5;2436,15;2307,60;-;-;128,55;-;-;487,23;487,23;13;2,6;-;-
"411370 Londrina";20;20;7561,32;7092,96;-;-;468,36;-;-;378,07;378,07;51;2,5;-;-
"411375 Lunardelli";7;7;3410,33;3230,36;-;-;179,97;-;-;487,19;487,19;22;3,1;-;-
"411410 Mandaguaçu";1;1;503,19;477,48;-;-;25,71;-;-;503,19;503,19;3;3,0;-;-
"411420 Mandaguari";4;4;1948,76;1845,92;-;-;102,84;-;-;487,19;487,19;7;1,8;-;-
"411500 Marilena";1;1;503,19;477,48;-;-;25,71;-;-;503,19;503,19;3;3,0;-;-
"411520 Maringá";2;2;1067,78;1012,49;-;-;55,29;-;-;533,89;533,89;13;6,5;-;-
"411540 Marmeleiro";13;13;6357,47;6023,24;-;-;334,23;-;-;489,04;489,04;26;2,0;-;-
"411580 Medianeira";2;2;1031,78;980,36;-;-;51,42;-;-;515,89;515,89;6;3,0;-;-
"411605 Missal";4;4;1932,76;1829,92;-;-;102,84;-;-;483,19;483,19;6;1,5;-;-
"411670 Nova Aurora";3;3;1493,57;1416,44;-;-;77,13;-;-;497,86;497,86;7;2,3;-;-
"411680 Nova Cantu";11;11;5271,09;4988,28;-;-;282,81;-;-;479,19;479,19;18;1,6;-;-
"411690 Nova Esperança";3;3;1628,80;1499,03;-;-;129,77;-;-;542,93;542,93;23;7,7;-;-
"411710 Nova Londrina";3;3;1493,57;1416,44;-;-;77,13;-;-;497,86;497,86;12;4,0;-;-
"411727 Nova Tebas";1;1;495,19;469,48;-;-;25,71;-;-;495,19;495,19;2;2,0;-;-
"411760 Palmas";4;4;1980,76;1877,92;-;-;102,84;-;-;495,19;495,19;8;2,0;-;-
"411770 Palmeira";1;1;479,19;453,48;-;-;25,71;-;-;479,19;479,19;1;1,0;-;-
"411800 Paraíso do Norte";4;4;1916,76;1813,92;-;-;102,84;-;-;479,19;479,19;6;1,5;-;-
"411850 Pato Branco";3;3;1735,12;1657,99;-;-;77,13;-;-;578,37;578,37;11;3,7;-;-
"411910 Piên";1;1;479,19;453,48;-;-;25,71;-;-;479,19;479,19;1;1,0;-;-
"411915 Pinhais";3;3;1437,57;1360,44;-;-;77,13;-;-;479,19;479,19;3;1,0;-;-
"411920 Pinhalão";3;3;1485,57;1408,44;-;-;77,13;-;-;495,19;495,19;9;3,0;-;-
"411960 Pitanga";1;1;495,19;469,48;-;-;25,71;-;-;495,19;495,19;2;2,0;-;-
"411980 Planalto";3;3;1437,57;1360,44;-;-;77,13;-;-;479,19;479,19;7;2,3;-;-
"412020 Porto Rico";1;1;479,19;453,48;-;-;25,71;-;-;479,19;479,19;2;2,0;-;-
"412060 Prudentópolis";1;1;479,19;453,48;-;-;25,71;-;-;479,19;479,19;2;2,0;-;-
"412100 Querência do Norte";4;4;1988,76;1885,92;-;-;102,84;-;-;497,19;497,19;9;2,3;-;-
"412150 Rebouças";1;1;495,19;469,48;-;-;25,71;-;-;495,19;495,19;2;2,0;-;-
"412170 Reserva";23;23;11261,37;10670,04;-;-;591,33;-;-;489,62;489,62;59;2,6;-;-
"412200 Rio Azul";1;1;479,19;453,48;-;-;25,71;-;-;479,19;479,19;2;2,0;-;-
"412230 Rio Negro";2;2;1120,68;1069,26;-;-;51,42;-;-;560,34;560,34;6;3,0;-;-
"412240 Rolândia";1;1;542,69;516,98;-;-;25,71;-;-;542,69;542,69;5;5,0;-;-
"412250 Roncador";1;1;487,19;461,48;-;-;25,71;-;-;487,19;487,19;5;5,0;-;-
"412260 Rondon";1;1;495,19;469,48;-;-;25,71;-;-;495,19;495,19;2;2,0;-;-
"412290 Salto do Itararé";1;1;479,19;453,48;-;-;25,71;-;-;479,19;479,19;10;10,0;-;-
"412310 Santa Amélia";4;4;1916,76;1813,92;-;-;102,84;-;-;479,19;479,19;12;3,0;-;-
"412370 Santa Isabel do Ivaí";4;4;1956,76;1853,92;-;-;102,84;-;-;489,19;489,19;10;2,5;-;-
"412380 Santa Izabel do Oeste";3;3;1561,63;1480,63;-;-;81,00;-;-;520,54;520,54;13;4,3;-;-
"412390 Santa Mariana";2;2;990,38;938,96;-;-;51,42;-;-;495,19;495,19;4;2,0;-;-
"412400 Santana do Itararé";1;1;479,19;453,48;-;-;25,71;-;-;479,19;479,19;2;2,0;-;-
"412440 Santo Antônio do Sudoeste";9;9;4424,71;4193,32;-;-;231,39;-;-;491,63;491,63;25;2,8;-;-
"412500 São João do Ivaí";1;1;479,19;453,48;-;-;25,71;-;-;479,19;479,19;5;5,0;-;-
"412520 São Jorge d'Oeste";1;1;503,19;477,48;-;-;25,71;-;-;503,19;503,19;3;3,0;-;-
"412545 São José das Palmeiras";2;2;958,38;906,96;-;-;51,42;-;-;479,19;479,19;10;5,0;-;-
"412560 São Mateus do Sul";2;2;998,38;946,96;-;-;51,42;-;-;499,19;499,19;5;2,5;-;-
"412625 Sarandi";4;4;2743,88;2605,08;-;-;138,80;-;-;685,97;685,97;10;2,5;-;-
"412660 Siqueira Campos";3;3;1477,57;1400,44;-;-;77,13;-;-;492,52;492,52;11;3,7;-;-
"412710 Telêmaco Borba";2;2;1204,24;1125,73;-;-;78,51;-;-;602,12;602,12;14;7,0;-;-
"412720 Terra Boa";3;3;1491,52;1414,39;-;-;77,13;-;-;497,17;497,17;6;2,0;-;-
"412760 Tijucas do Sul";1;1;479,19;453,48;-;-;25,71;-;-;479,19;479,19;2;2,0;-;-
"412770 Toledo";1;1;495,19;469,48;-;-;25,71;-;-;495,19;495,19;2;2,0;-;-
"412785 Três Barras do Paraná";1;1;495,19;469,48;-;-;25,71;-;-;495,19;495,19;2;2,0;-;-
"412800 Ubiratã";8;8;3937,52;3731,84;-;-;205,68;-;-;492,19;492,19;13;1,6;-;-
"412810 Umuarama";5;5;3714,74;3328,91;-;-;385,83;-;-;742,95;742,95;11;2,2;1;20,00
"412820 União da Vitória";6;6;5525,59;4979,36;-;-;546,23;-;-;920,93;920,93;19;3,2;-;-
"412855 Vera Cruz do Oeste";1;1;495,19;469,48;-;-;25,71;-;-;495,19;495,19;2;2,0;-;-
"412860 Verê";4;4;1948,76;1845,92;-;-;102,84;-;-;487,19;487,19;10;2,5;-;-
"412850 Wenceslau Braz";1;1;479,19;453,48;-;-;25,71;-;-;479,19;479,19;1;1,0;-;-
"420010 Abelardo Luz";1;1;479,19;453,48;-;-;25,71;-;-;479,19;479,19;3;3,0;-;-
"420040 Água Doce";5;5;2443,95;2315,40;-;-;128,55;-;-;488,79;488,79;15;3,0;-;-
"420100 Anita Garibaldi";5;5;2419,95;2291,40;-;-;128,55;-;-;483,99;483,99;5;1,0;-;-
"420110 Anitápolis";1;1;479,19;453,48;-;-;25,71;-;-;479,19;479,19;2;2,0;-;-
"420140 Araranguá";2;2;1049,26;997,84;-;-;51,42;-;-;524,63;524,63;9;4,5;-;-
"420150 Armazém";3;3;1501,57;1424,44;-;-;77,13;-;-;500,52;500,52;14;4,7;-;-
"420200 Balneário Camboriú";3;3;1549,61;1472,48;-;-;77,13;-;-;516,54;516,54;6;2,0;-;-
"420230 Biguaçu";1;1;487,19;461,48;-;-;25,71;-;-;487,19;487,19;1;1,0;-;-
"420240 Blumenau";6;6;3848,23;3660,57;-;-;187,66;-;-;641,37;641,37;15;2,5;-;-
"420260 Bom Retiro";3;3;1517,57;1440,44;-;-;77,13;-;-;505,86;505,86;10;3,3;-;-
"420280 Braço do Norte";3;3;1517,57;1440,44;-;-;77,13;-;-;505,86;505,86;10;3,3;-;-
"420290 Brusque";1;1;499,86;474,15;-;-;25,71;-;-;499,86;499,86;2;2,0;-;-
"420340 Campo Belo do Sul";2;2;990,38;938,96;-;-;51,42;-;-;495,19;495,19;7;3,5;-;-
"420350 Campo Erê";1;1;511,19;485,48;-;-;25,71;-;-;511,19;511,19;4;4,0;-;-
"420360 Campos Novos";1;1;479,19;453,48;-;-;25,71;-;-;479,19;479,19;2;2,0;-;-
"420390 Capinzal";1;1;487,19;461,48;-;-;25,71;-;-;487,19;487,19;1;1,0;-;-
"420410 Caxambu do Sul";3;3;1437,57;1360,44;-;-;77,13;-;-;479,19;479,19;6;2,0;-;-
"420420 Chapecó";3;3;1961,44;1837,80;-;-;123,64;-;-;653,81;653,81;10;3,3;-;-
"420460 Criciúma";10;10;8068,16;7489,70;-;-;578,46;-;-;806,82;806,82;37;3,7;-;-
"420470 Cunha Porã";1;1;503,19;477,48;-;-;25,71;-;-;503,19;503,19;3;3,0;-;-
"420480 Curitibanos";1;1;527,19;501,48;-;-;25,71;-;-;527,19;527,19;6;6,0;-;-
"420490 Descanso";2;2;982,38;930,96;-;-;51,42;-;-;491,19;491,19;6;3,0;-;-
"420540 Florianópolis";41;41;26180,02;24802,85;-;-;1377,17;-;-;638,54;638,54;89;2,2;1;2,44
"420550 Fraiburgo";7;7;3443,67;3263,70;-;-;179,97;-;-;491,95;491,95;18;2,6;-;-
"420640 Guaraciaba";1;1;495,19;469,48;-;-;25,71;-;-;495,19;495,19;2;2,0;-;-
"420700 Içara";1;1;487,19;461,48;-;-;25,71;-;-;487,19;487,19;1;1,0;-;-
"420750 Indaial";1;1;495,19;469,48;-;-;25,71;-;-;495,19;495,19;2;2,0;-;-
"420760 Ipira";1;1;503,19;477,48;-;-;25,71;-;-;503,19;503,19;3;3,0;-;-
"420765 Iporã do Oeste";1;1;495,19;469,48;-;-;25,71;-;-;495,19;495,19;2;2,0;-;-
"420820 Itajaí";1;1;503,19;477,48;-;-;25,71;-;-;503,19;503,19;3;3,0;-;-
"420840 Itapiranga";1;1;503,19;477,48;-;-;25,71;-;-;503,19;503,19;3;3,0;-;-
"420850 Ituporanga";1;1;631,60;605,89;-;-;25,71;-;-;631,60;631,60;2;2,0;-;-
"420880 Jaguaruna";1;1;479,19;453,48;-;-;25,71;-;-;479,19;479,19;2;2,0;-;-
"420890 Jaraguá do Sul";5;5;3206,22;2886,39;-;-;319,83;-;-;641,24;641,24;18;3,6;-;-
"420900 Joaçaba";3;3;2059,47;1955,37;-;-;104,10;-;-;686,49;686,49;11;3,7;-;-
"420910 Joinville";31;31;19671,10;18497,78;-;-;1173,32;-;-;634,55;634,55;125;4,0;-;-
"420930 Lages";6;6;3628,08;3439,05;-;-;189,03;-;-;604,68;604,68;36;6,0;-;-
"420940 Laguna";1;1;479,19;453,48;-;-;25,71;-;-;479,19;479,19;5;5,0;-;-
"420970 Lebon Régis";3;3;1469,57;1392,44;-;-;77,13;-;-;489,86;489,86;6;2,0;-;-
"420985 Lindóia do Sul";2;2;990,38;938,96;-;-;51,42;-;-;495,19;495,19;16;8,0;-;-
"421010 Mafra";1;1;479,19;453,48;-;-;25,71;-;-;479,19;479,19;4;4,0;-;-
"421030 Major Vieira";2;2;964,73;913,31;-;-;51,42;-;-;482,37;482,37;2;1,0;-;-
"421050 Maravilha";1;1;684,96;659,25;-;-;25,71;-;-;684,96;684,96;4;4,0;-;-
"421080 Meleiro";1;1;511,19;485,48;-;-;25,71;-;-;511,19;511,19;4;4,0;-;-
"421110 Monte Castelo";3;3;1469,57;1392,44;-;-;77,13;-;-;489,86;489,86;10;3,3;-;-
"421120 Morro da Fumaça";25;25;12039,93;11385,57;-;-;654,36;-;-;481,60;481,60;98;3,9;-;-
"421160 Nova Veneza";1;1;479,19;453,48;-;-;25,71;-;-;479,19;479,19;3;3,0;-;-
"421200 Palma Sola";3;3;1437,57;1360,44;-;-;77,13;-;-;479,19;479,19;6;2,0;-;-
"421210 Palmitos";2;2;974,38;922,96;-;-;51,42;-;-;487,19;487,19;4;2,0;-;-
"421220 Papanduva";1;1;499,25;469,67;-;-;29,58;-;-;499,25;499,25;7;7,0;-;-
"421270 Petrolândia";1;1;511,19;485,48;-;-;25,71;-;-;511,19;511,19;4;4,0;-;-
"421340 Ponte Serrada";9;9;4455,45;4224,06;-;-;231,39;-;-;495,05;495,05;16;1,8;-;-
"421370 Pouso Redondo";1;1;479,19;453,48;-;-;25,71;-;-;479,19;479,19;3;3,0;-;-
"421380 Praia Grande";1;1;501,54;475,83;-;-;25,71;-;-;501,54;501,54;2;2,0;-;-
"421420 Quilombo";2;2;974,38;922,96;-;-;51,42;-;-;487,19;487,19;4;2,0;-;-
"421450 Rio do Campo";2;2;974,38;922,96;-;-;51,42;-;-;487,19;487,19;4;2,0;-;-
"421480 Rio do Sul";3;3;2252,34;2136,66;-;-;115,68;-;-;750,78;750,78;11;3,7;-;-
"421470 Rio dos Cedros";1;1;487,19;461,48;-;-;25,71;-;-;487,19;487,19;1;1,0;-;-
"421500 Rio Negrinho";1;1;487,19;461,48;-;-;25,71;-;-;487,19;487,19;1;1,0;-;-
"421600 São Carlos";4;4;1964,76;1861,92;-;-;102,84;-;-;491,19;491,19;7;1,8;-;-
"421630 São João Batista";1;1;495,19;469,48;-;-;25,71;-;-;495,19;495,19;2;2,0;-;-
"421660 São José";1;1;180,63;169,75;-;-;10,88;-;-;180,63;180,63;2;2,0;-;-
"421690 São Lourenço do Oeste";2;2;998,38;946,96;-;-;51,42;-;-;499,19;499,19;5;2,5;-;-
"421720 São Miguel do Oeste";1;1;622,08;596,37;-;-;25,71;-;-;622,08;622,08;5;5,0;-;-
"421820 Timbó";1;1;547,49;521,78;-;-;25,71;-;-;547,49;547,49;3;3,0;-;-
"421840 Treze de Maio";7;7;3426,33;3246,36;-;-;179,97;-;-;489,48;489,48;18;2,6;-;-
"421870 Tubarão";2;2;2283,04;2150,85;-;-;132,19;-;-;1141,52;1141,52;13;6,5;1;50,00
"421875 Tunápolis";1;1;479,19;453,48;-;-;25,71;-;-;479,19;479,19;2;2,0;-;-
"421880 Turvo";2;2;958,38;906,96;-;-;51,42;-;-;479,19;479,19;7;3,5;-;-
"421970 Xaxim";1;1;491,86;466,15;-;-;25,71;-;-;491,86;491,86;1;1,0;-;-
"430003 Aceguá";3;3;1477,57;1400,44;-;-;77,13;-;-;492,52;492,52;7;2,3;-;-
"430040 Alegrete";2;2;1046,13;994,71;-;-;51,42;-;-;523,07;523,07;7;3,5;-;-
"430050 Alpestre";2;2;998,38;946,96;-;-;51,42;-;-;499,19;499,19;5;2,5;-;-
"430060 Alvorada";20;20;10146,26;9579,44;-;-;566,82;-;-;507,31;507,31;94;4,7;-;-
"430120 Arroio do Tigre";12;12;5902,28;5593,76;-;-;308,52;-;-;491,86;491,86;36;3,0;-;-
"430130 Arroio Grande";14;14;7220,78;6853,10;-;-;367,68;-;-;515,77;515,77;59;4,2;-;-
"430160 Bagé";4;4;2128,88;2014,43;-;-;114,45;-;-;532,22;532,22;15;3,8;-;-
"430210 Bento Gonçalves";2;2;660,04;570,07;-;-;89,97;-;-;330,02;330,02;3;1,5;-;-
"430230 Bom Jesus";1;1;651,12;572,77;-;-;78,35;-;-;651,12;651,12;7;7,0;-;-
"430300 Cachoeira do Sul";9;9;5243,46;4928,79;-;-;314,67;-;-;582,61;582,61;28;3,1;-;-
"430310 Cachoeirinha";6;6;3029,15;2874,89;-;-;154,26;-;-;504,86;504,86;22;3,7;-;-
"430330 Caibaté";1;1;751,67;695,00;-;-;56,67;-;-;751,67;751,67;14;14,0;-;-
"430400 Campo Novo";1;1;495,19;469,48;-;-;25,71;-;-;495,19;495,19;2;2,0;-;-
"430420 Candelária";2;2;1054,89;999,60;-;-;55,29;-;-;527,44;527,44;11;5,5;-;-
"430460 Canoas";10;10;9135,77;8316,60;-;-;819,17;-;-;913,58;913,58;31;3,1;-;-
"430510 Caxias do Sul";40;40;32083,51;29787,70;-;-;2295,81;-;-;802,09;802,09;181;4,5;-;-
"430540 Chiapetta";1;1;503,19;477,48;-;-;25,71;-;-;503,19;503,19;3;3,0;-;-
"430580 Constantina";4;4;2254,31;2151,47;-;-;102,84;-;-;563,58;563,58;16;4,0;-;-
"430590 Coronel Bicaco";7;7;3530,33;3350,36;-;-;179,97;-;-;504,33;504,33;22;3,1;-;-
"430600 Crissiumal";5;5;2403,95;2275,40;-;-;128,55;-;-;480,79;480,79;13;2,6;-;-
"430610 Cruz Alta";4;4;4105,62;3867,18;-;-;238,44;-;-;1026,41;1026,41;40;10,0;-;-
"430630 David Canabarro";1;1;479,19;453,48;-;-;25,71;-;-;479,19;479,19;3;3,0;-;-
"430640 Dois Irmãos";2;2;1098,58;1047,16;-;-;51,42;-;-;549,29;549,29;8;4,0;-;-
"430690 Encruzilhada do Sul";3;3;1469,57;1392,44;-;-;77,13;-;-;489,86;489,86;10;3,3;-;-
"430700 Erechim";2;2;1068,48;1017,06;-;-;51,42;-;-;534,24;534,24;10;5,0;-;-
"430750 Espumoso";3;3;1469,57;1392,44;-;-;77,13;-;-;489,86;489,86;10;3,3;-;-
"430770 Esteio";2;2;1131,49;1080,07;-;-;51,42;-;-;565,75;565,75;3;1,5;-;-
"430790 Farroupilha";3;3;1606,72;1529,59;-;-;77,13;-;-;535,57;535,57;14;4,7;-;-
"430830 Fontoura Xavier";3;3;1469,57;1392,44;-;-;77,13;-;-;489,86;489,86;6;2,0;-;-
"430850 Frederico Westphalen";1;1;495,19;469,48;-;-;25,71;-;-;495,19;495,19;2;2,0;-;-
"430890 Getúlio Vargas";1;1;503,19;477,48;-;-;25,71;-;-;503,19;503,19;3;3,0;-;-
"430900 Giruá";1;1;487,19;461,48;-;-;25,71;-;-;487,19;487,19;1;1,0;-;-
"430920 Gravataí";1;1;4454,54;3979,94;-;-;474,60;-;-;4454,54;4454,54;19;19,0;-;-
"430950 Guarani das Missões";1;1;495,19;469,48;-;-;25,71;-;-;495,19;495,19;2;2,0;-;-
"430970 Humaitá";2;2;1006,38;954,96;-;-;51,42;-;-;503,19;503,19;6;3,0;-;-
"431000 Ibirubá";5;5;2579,18;2397,99;-;-;181,19;-;-;515,84;515,84;10;2,0;-;-
"431010 Igrejinha";1;1;511,19;485,48;-;-;25,71;-;-;511,19;511,19;4;4,0;-;-
"431020 Ijuí";2;2;1220,83;1169,41;-;-;51,42;-;-;610,41;610,41;6;3,0;-;-
"431050 Iraí";7;7;3474,33;3294,36;-;-;179,97;-;-;496,33;496,33;21;3,0;-;-
"431060 Itaqui";5;5;2507,95;2379,40;-;-;128,55;-;-;501,59;501,59;14;2,8;-;-
"431130 Lagoa Vermelha";1;1;979,25;910,97;-;-;68,28;-;-;979,25;979,25;17;17,0;-;-
"431180 Marau";1;1;479,19;453,48;-;-;25,71;-;-;479,19;479,19;3;3,0;-;-
"431240 Montenegro";1;1;511,19;485,48;-;-;25,71;-;-;511,19;511,19;4;4,0;-;-
"431265 Não-Me-Toque";1;1;495,19;469,48;-;-;25,71;-;-;495,19;495,19;2;2,0;-;-
"431270 Nonoai";4;4;2004,76;1901,92;-;-;102,84;-;-;501,19;501,19;14;3,5;-;-
"431340 Novo Hamburgo";14;14;7271,61;6911,67;-;-;359,94;-;-;519,40;519,40;41;2,9;-;-
"431350 Osório";1;1;527,19;501,48;-;-;25,71;-;-;527,19;527,19;6;6,0;-;-
"431365 Palmares do Sul";1;1;479,19;453,48;-;-;25,71;-;-;479,19;479,19;3;3,0;-;-
"431390 Panambi";2;2;962,38;910,96;-;-;51,42;-;-;481,19;481,19;3;1,5;-;-
"431410 Passo Fundo";5;5;3771,33;3615,69;-;-;155,64;-;-;754,27;754,27;31;6,2;-;-
"431440 Pelotas";3;3;2030,53;1891,48;-;-;139,05;-;-;676,84;676,84;34;11,3;-;-
"431460 Piratini";1;1;611,37;574,05;-;-;37,32;-;-;611,37;611,37;9;9,0;-;-
"431490 Porto Alegre";155;155;93020,90;87221,12;-;-;5799,78;-;-;600,13;600,13;657;4,2;1;0,65
"431500 Porto Lucena";2;2;1006,38;954,96;-;-;51,42;-;-;503,19;503,19;6;3,0;-;-
"431515 Progresso";6;6;3323,10;3106,92;-;-;216,18;-;-;553,85;553,85;48;8,0;-;-
"431520 Putinga";2;2;1118,38;1066,96;-;-;51,42;-;-;559,19;559,19;23;11,5;1;50,00
"431530 Quaraí";2;2;1006,38;954,96;-;-;51,42;-;-;503,19;503,19;6;3,0;-;-
"431560 Rio Grande";6;6;3963,56;3704,81;-;-;258,75;-;-;660,59;660,59;55;9,2;-;-
"431570 Rio Pardo";3;3;1499,58;1422,45;-;-;77,13;-;-;499,86;499,86;6;2,0;-;-
"431600 Rolante";1;1;479,19;453,48;-;-;25,71;-;-;479,19;479,19;2;2,0;-;-
"431610 Ronda Alta";2;2;982,38;930,96;-;-;51,42;-;-;491,19;491,19;6;3,0;-;-
"431620 Rondinha";3;3;1469,57;1392,44;-;-;77,13;-;-;489,86;489,86;6;2,0;-;-
"431640 Rosário do Sul";5;5;2515,95;2387,40;-;-;128,55;-;-;503,19;503,19;15;3,0;-;-
"431660 Sananduva";2;2;1090,58;1039,16;-;-;51,42;-;-;545,29;545,29;7;3,5;-;-
"431680 Santa Cruz do Sul";4;4;2040,78;1937,94;-;-;102,84;-;-;510,20;510,20;14;3,5;-;-
"431690 Santa Maria";4;4;2381,99;2255,93;-;-;126,06;-;-;595,50;595,50;16;4,0;-;-
"431720 Santa Rosa";4;4;2125,02;2018,31;-;-;106,71;-;-;531,25;531,25;16;4,0;-;-
"431740 Santiago";3;3;1644,80;1515,03;-;-;129,77;-;-;548,27;548,27;13;4,3;-;-
"431750 Santo Ângelo";2;2;974,38;922,96;-;-;51,42;-;-;487,19;487,19;2;1,0;-;-
"431780 Santo Augusto";3;3;1517,57;1440,44;-;-;77,13;-;-;505,86;505,86;14;4,7;-;-
"431790 Santo Cristo";1;1;495,19;469,48;-;-;25,71;-;-;495,19;495,19;2;2,0;-;-
"431800 São Borja";3;3;1969,19;1892,06;-;-;77,13;-;-;656,40;656,40;10;3,3;-;-
"431820 São Francisco de Paula";3;3;1703,57;1626,44;-;-;77,13;-;-;567,86;567,86;14;4,7;-;-
"431830 São Gabriel";5;5;2523,30;2394,75;-;-;128,55;-;-;504,66;504,66;14;2,8;-;-
"431840 São Jerônimo";5;5;2557,10;2428,55;-;-;128,55;-;-;511,42;511,42;15;3,0;-;-
"431860 São José do Ouro";3;3;1485,57;1408,44;-;-;77,13;-;-;495,19;495,19;6;2,0;-;-
"431870 São Leopoldo";5;5;2550,63;2422,08;-;-;128,55;-;-;510,13;510,13;17;3,4;-;-
"431880 São Lourenço do Sul";2;2;1053,88;1002,46;-;-;51,42;-;-;526,94;526,94;8;4,0;-;-
"431890 São Luiz Gonzaga";2;2;998,38;946,96;-;-;51,42;-;-;499,19;499,19;5;2,5;-;-
"431900 São Marcos";3;3;1469,57;1392,44;-;-;77,13;-;-;489,86;489,86;6;2,0;-;-
"431980 São Vicente do Sul";4;4;1948,76;1845,92;-;-;102,84;-;-;487,19;487,19;16;4,0;-;-
"432000 Sapucaia do Sul";7;7;3576,43;3396,46;-;-;179,97;-;-;510,92;510,92;23;3,3;-;-
"432020 Seberi";13;13;7091,27;6698,99;-;-;392,28;-;-;545,48;545,48;59;4,5;-;-
"432030 Selbach";1;1;487,19;461,48;-;-;25,71;-;-;487,19;487,19;1;1,0;-;-
"432040 Serafina Corrêa";1;1;503,19;477,48;-;-;25,71;-;-;503,19;503,19;2;2,0;-;-
"432070 Sobradinho";7;7;3474,33;3294,36;-;-;179,97;-;-;496,33;496,33;24;3,4;-;-
"432080 Soledade";5;5;2580,27;2443,98;-;-;136,29;-;-;516,05;516,05;23;4,6;-;-
"432090 Tapejara";6;6;2875,14;2720,88;-;-;154,26;-;-;479,19;479,19;17;2,8;-;-
"432140 Tenente Portela";4;4;2133,29;2022,71;-;-;110,58;-;-;533,32;533,32;20;5,0;-;-
"432145 Teutônia";7;7;4311,19;4111,87;-;-;199,32;-;-;615,88;615,88;39;5,6;-;-
"432170 Três Coroas";1;1;487,19;461,48;-;-;25,71;-;-;487,19;487,19;1;1,0;-;-
"432190 Três Passos";3;3;1541,57;1464,44;-;-;77,13;-;-;513,86;513,86;13;4,3;-;-
"432210 Tucunduva";2;2;982,38;930,96;-;-;51,42;-;-;491,19;491,19;6;3,0;-;-
"432220 Tupanciretã";3;3;1584,04;1506,91;-;-;77,13;-;-;528,01;528,01;13;4,3;-;-
"432230 Tuparendi";2;2;1030,38;978,96;-;-;51,42;-;-;515,19;515,19;9;4,5;-;-
"432240 Uruguaiana";3;3;1530,93;1453,80;-;-;77,13;-;-;510,31;510,31;7;2,3;-;-
"432250 Vacaria";3;3;1490,27;1413,14;-;-;77,13;-;-;496,76;496,76;7;2,3;-;-
"432253 Vale do Sol";1;1;495,19;469,48;-;-;25,71;-;-;495,19;495,19;2;2,0;-;-
"432260 Venâncio Aires";8;8;3908,83;3703,15;-;-;205,68;-;-;488,60;488,60;5;0,6;-;-
"432270 Vera Cruz";1;1;495,19;469,48;-;-;25,71;-;-;495,19;495,19;2;2,0;-;-
"432280 Veranópolis";3;3;1491,92;1414,79;-;-;77,13;-;-;497,31;497,31;6;2,0;-;-
"432290 Viadutos";1;1;479,19;453,48;-;-;25,71;-;-;479,19;479,19;5;5,0;-;-
"432300 Viamão";4;4;2080,82;1974,11;-;-;106,71;-;-;520,21;520,21;18;4,5;-;-
"500060 Amambai";9;9;4348,71;4117,32;-;-;231,39;-;-;483,19;483,19;19;2,1;-;-
"500110 Aquidauana";2;2;974,38;922,96;-;-;51,42;-;-;487,19;487,19;5;2,5;-;-
"500230 Brasilândia";2;2;974,38;922,96;-;-;51,42;-;-;487,19;487,19;7;3,5;-;-
"500270 Campo Grande";1;1;897,00;852,63;-;-;44,37;-;-;897,00;897,00;7;7,0;-;-
"500290 Cassilândia";1;1;479,19;453,48;-;-;25,71;-;-;479,19;479,19;2;2,0;-;-
"500320 Corumbá";2;2;996,73;945,31;-;-;51,42;-;-;498,37;498,37;4;2,0;-;-
"500325 Costa Rica";1;1;479,19;453,48;-;-;25,71;-;-;479,19;479,19;3;3,0;-;-
"500330 Coxim";1;1;495,19;469,48;-;-;25,71;-;-;495,19;495,19;2;2,0;-;-
"500370 Dourados";1;1;479,19;453,48;-;-;25,71;-;-;479,19;479,19;2;2,0;-;-
"500430 Iguatemi";3;3;1445,57;1368,44;-;-;77,13;-;-;481,86;481,86;7;2,3;-;-
"500440 Inocência";2;2;998,38;946,96;-;-;51,42;-;-;499,19;499,19;5;2,5;1;50,00
"500470 Ivinhema";1;1;503,39;477,68;-;-;25,71;-;-;503,39;503,39;2;2,0;-;-
"500525 Laguna Carapã";1;1;511,19;485,48;-;-;25,71;-;-;511,19;511,19;4;4,0;-;-
"500568 Mundo Novo";2;2;104,44;82,68;-;-;21,76;-;-;52,22;52,22;2;1,0;-;-
"500570 Naviraí";2;2;966,38;914,96;-;-;51,42;-;-;483,19;483,19;5;2,5;-;-
"500635 Paranhos";3;3;1485,57;1408,44;-;-;77,13;-;-;495,19;495,19;6;2,0;-;-
"500690 Porto Murtinho";1;1;495,19;469,48;-;-;25,71;-;-;495,19;495,19;2;2,0;-;-
"500770 Sete Quedas";2;2;982,38;930,96;-;-;51,42;-;-;491,19;491,19;4;2,0;-;-
"510250 Cáceres";2;2;1014,38;962,96;-;-;51,42;-;-;507,19;507,19;6;3,0;-;-
"510260 Campinápolis";1;1;479,19;453,48;-;-;25,71;-;-;479,19;479,19;3;3,0;-;-
"510267 Campo Verde";1;1;495,19;469,48;-;-;25,71;-;-;495,19;495,19;2;2,0;-;-
"510305 Cláudia";4;4;1916,76;1813,92;-;-;102,84;-;-;479,19;479,19;8;2,0;-;-
"510320 Colíder";1;1;479,19;453,48;-;-;25,71;-;-;479,19;479,19;3;3,0;-;-
"510325 Colniza";1;1;495,19;469,48;-;-;25,71;-;-;495,19;495,19;2;2,0;-;-
"510330 Comodoro";13;13;6397,47;6063,24;-;-;334,23;-;-;492,11;492,11;52;4,0;-;-
"510360 Dom Aquino";2;2;974,38;922,96;-;-;51,42;-;-;487,19;487,19;4;2,0;-;-
"510410 Guarantã do Norte";2;2;966,38;914,96;-;-;51,42;-;-;483,19;483,19;3;1,5;-;-
"510420 Guiratinga";4;4;1980,76;1877,92;-;-;102,84;-;-;495,19;495,19;8;2,0;-;-
"510562 Mirassol d'Oeste";1;1;495,19;469,48;-;-;25,71;-;-;495,19;495,19;3;3,0;-;-
"510630 Paranatinga";1;1;527,19;501,48;-;-;25,71;-;-;527,19;527,19;6;6,0;-;-
"510675 Pontes e Lacerda";1;1;503,19;477,48;-;-;25,71;-;-;503,19;503,19;3;3,0;-;-
"510720 Rio Branco";2;2;958,38;906,96;-;-;51,42;-;-;479,19;479,19;6;3,0;-;-
"510777 Santa Terezinha";1;1;479,19;453,48;-;-;25,71;-;-;479,19;479,19;1;1,0;-;-
"510787 Sapezal";2;2;1014,38;962,96;-;-;51,42;-;-;507,19;507,19;7;3,5;-;-
"510795 Tangará da Serra";1;1;503,19;477,48;-;-;25,71;-;-;503,19;503,19;3;3,0;-;-
"510810 Tesouro";1;1;495,19;469,48;-;-;25,71;-;-;495,19;495,19;2;2,0;-;-
"510550 Vila Bela da Santíssima Trindade";1;1;479,19;453,48;-;-;25,71;-;-;479,19;479,19;3;3,0;-;-
"520030 Alexânia";1;1;479,19;453,48;-;-;25,71;-;-;479,19;479,19;2;2,0;-;-
"520110 Anápolis";1;1;517,14;491,43;-;-;25,71;-;-;517,14;517,14;5;5,0;-;-
"520380 Britânia";1;1;479,19;453,48;-;-;25,71;-;-;479,19;479,19;3;3,0;-;-
"520390 Buriti Alegre";1;1;479,19;453,48;-;-;25,71;-;-;479,19;479,19;2;2,0;-;-
"520510 Catalão";1;1;501,54;475,83;-;-;25,71;-;-;501,54;501,54;4;4,0;-;-
"520540 Ceres";2;2;1095,66;1044,24;-;-;51,42;-;-;547,83;547,83;6;3,0;-;-
"520552 Colinas do Sul";1;1;479,19;453,48;-;-;25,71;-;-;479,19;479,19;1;1,0;-;-
"520590 Corumbaíba";5;5;2093,83;1966,89;-;-;126,94;-;-;418,77;418,77;11;2,2;-;-
"520680 Damolândia";1;1;479,19;453,48;-;-;25,71;-;-;479,19;479,19;5;5,0;-;-
"520780 Firminópolis";1;1;495,19;469,48;-;-;25,71;-;-;495,19;495,19;2;2,0;-;-
"520790 Flores de Goiás";1;1;479,19;453,48;-;-;25,71;-;-;479,19;479,19;32;32,0;-;-
"520800 Formosa";4;4;1964,76;1861,92;-;-;102,84;-;-;491,19;491,19;5;1,3;-;-
"520860 Goianésia";3;3;1501,57;1424,44;-;-;77,13;-;-;500,52;500,52;8;2,7;-;-
"520870 Goiânia";25;25;14600,73;13537,06;-;-;1063,67;-;-;584,03;584,03;70;2,8;-;-
"520960 Heitoraí";10;10;4637,61;4366,72;-;-;270,89;-;-;463,76;463,76;29;2,9;-;-
"520970 Hidrolândia";1;1;63,27;51,65;-;-;11,62;-;-;63,27;63,27;2;2,0;-;-
"520995 Indiara";1;1;187,13;160,62;-;-;26,51;-;-;187,13;187,13;1;1,0;-;-
"521000 Inhumas";1;1;479,19;453,48;-;-;25,71;-;-;479,19;479,19;2;2,0;-;-
"521120 Itapuranga";4;4;1916,76;1813,92;-;-;102,84;-;-;479,19;479,19;9;2,3;-;-
"521140 Itauçu";1;1;479,19;453,48;-;-;25,71;-;-;479,19;479,19;4;4,0;-;-
"521150 Itumbiara";4;4;1631,89;1543,88;-;-;88,01;-;-;407,97;407,97;14;3,5;-;-
"521350 Monte Alegre de Goiás";2;2;1061,61;957,55;-;-;104,06;-;-;530,80;530,80;5;2,5;-;-
"521380 Morrinhos";2;2;974,38;922,96;-;-;51,42;-;-;487,19;487,19;4;2,0;-;-
"521405 Mundo Novo";3;3;1437,57;1360,44;-;-;77,13;-;-;479,19;479,19;11;3,7;-;-
"521460 Niquelândia";1;1;487,19;461,48;-;-;25,71;-;-;487,19;487,19;1;1,0;-;-
"521483 Nova Crixás";14;14;6708,66;6348,72;-;-;359,94;-;-;479,19;479,19;31;2,2;-;-
"521530 Orizona";19;19;9104,61;8616,12;-;-;488,49;-;-;479,19;479,19;39;2,1;-;-
"521680 Petrolina de Goiás";7;7;3354,33;3174,36;-;-;179,97;-;-;479,19;479,19;21;3,0;-;-
"521710 Piracanjuba";1;1;479,19;453,48;-;-;25,71;-;-;479,19;479,19;4;4,0;-;-
"521730 Pirenópolis";8;8;4041,52;3835,84;-;-;205,68;-;-;505,19;505,19;32;4,0;-;-
"521830 Posse";1;1;487,19;461,48;-;-;25,71;-;-;487,19;487,19;1;1,0;-;-
"521890 Rubiataba";1;1;479,19;453,48;-;-;25,71;-;-;479,19;479,19;2;2,0;1;100,00
"521960 Santa Tereza de Goiás";1;1;479,19;453,48;-;-;25,71;-;-;479,19;479,19;2;2,0;-;-
"521975 Santo Antônio do Descoberto";1;1;479,19;453,48;-;-;25,71;-;-;479,19;479,19;2;2,0;-;-
"521980 São Domingos";1;1;479,19;453,48;-;-;25,71;-;-;479,19;479,19;1;1,0;-;-
"522010 São Luís de Montes Belos";1;1;479,19;453,48;-;-;25,71;-;-;479,19;479,19;3;3,0;-;-
"522060 Silvânia";3;3;1437,57;1360,44;-;-;77,13;-;-;479,19;479,19;6;2,0;-;-
"522100 Taquaral de Goiás";1;1;511,19;485,48;-;-;25,71;-;-;511,19;511,19;4;4,0;-;-
"522140 Trindade";1;1;495,19;469,48;-;-;25,71;-;-;495,19;495,19;2;2,0;-;-
"522160 Uruaçu";7;7;3354,33;3174,36;-;-;179,97;-;-;479,19;479,19;22;3,1;1;14,29
"522200 Vianópolis";4;4;1481,79;1393,78;-;-;88,01;-;-;370,45;370,45;11;2,8;-;-
"530010 Brasília";118;118;62232,59;58877,41;-;-;3355,18;-;-;527,39;527,39;333;2,8;-;-
 
